image_path,true_label,verdict,confidence,pred_label,reason,elapsed,error
/Users/woochul/github/Last_Project_test/data/test_dataset/ai/ai_0001.png,1,REAL,0.92,0,"피부와 머리카락의 질감이 자연스럽고, 배경의 흐림 처리(bokeh)와 조명 및 그림자 방향이 일관되어 실제 촬영된 사진의 특징을 보입니다.",29.51,
/Users/woochul/github/Last_Project_test/data/test_dataset/ai/ai_0002.jpg,1,REAL,0.95,0,"피부, 주름, 옷의 주름 등 전반적인 텍스처와 조명, 그림자가 매우 자연스럽고 일관성이 높아 실제 촬영 사진으로 판단됩니다.",23.86,
/Users/woochul/github/Last_Project_test/data/test_dataset/ai/ai_0003.jpg,1,AI_GENERATED,0.9,1,"피부와 옷의 질감이 지나치게 완벽하고 균일하며, 전반적으로 포토샵을 거친 듯한 비현실적인 '완벽함'이 느껴집니다.",27.9,
/Users/woochul/github/Last_Project_test/data/test_dataset/ai/ai_0004.jpg,1,AI_GENERATED,0.9,1,"전반적인 구도와 조명이 지나치게 완벽하고 드라마틱하며, 배경의 반복 패턴과 인물의 질감이 매우 매끄럽고 이상적으로 처리되어 AI 생성 이미지의 특징을 보입니다.",24.38,
/Users/woochul/github/Last_Project_test/data/test_dataset/ai/ai_0005.png,1,AI_GENERATED,0.9,1,"피부와 머리카락의 질감이 지나치게 완벽하고 매끄러우며, 전체적인 이미지가 포토샵을 넘어선 초현실적인 완성도를 보여줍니다.",25.93,
/Users/woochul/github/Last_Project_test/data/test_dataset/ai/ai_0006.png,1,AI_GENERATED,0.9,1,"피부와 머리카락의 질감이 지나치게 완벽하고 균일하며, 전반적으로 포토샵이나 AI 필터가 적용된 듯한 비현실적인 매끄러움이 느껴집니다.",28.18,
/Users/woochul/github/Last_Project_test/data/test_dataset/ai/ai_0007.png,1,REAL,0.92,0,"피부, 머리카락, 옷의 주름 등 전반적인 질감과 디테일이 매우 자연스러우며, AI 생성 특유의 부자연스러운 패턴이나 해부학적 오류가 관찰되지 않습니다.",27.12,
/Users/woochul/github/Last_Project_test/data/test_dataset/ai/ai_0008.png,1,REAL,0.9,0,"조명과 그림자 처리가 매우 자연스럽고, 피부와 직물의 질감이 과도하게 균일하지 않아 전문적인 사진 촬영물로 판단됩니다.",23.25,
/Users/woochul/github/Last_Project_test/data/test_dataset/ai/ai_0009.png,1,AI_GENERATED,0.95,1,"피부와 머리카락의 질감이 과도하게 매끄럽고 균일하며, 배경(실내 창문과 드라마틱한 하늘)의 조명과 분위기가 비현실적으로 합성되어 AI 생성의 특징이 강함.",26.3,
/Users/woochul/github/Last_Project_test/data/test_dataset/ai/ai_0010.png,1,REAL,0.92,0,"피부, 머리카락, 옷감의 질감이 매우 자연스럽고, 배경의 조명과 깊이감이 현실적이며, 인체 해부학적 오류가 관찰되지 않습니다.",21.63,
/Users/woochul/github/Last_Project_test/data/test_dataset/ai/ai_0011.png,1,AI_GENERATED,0.9,1,"피부와 머리카락의 질감이 지나치게 완벽하고 매끄러워, 실제 사진보다는 고도로 정제된 AI 생성 또는 과도한 디지털 보정의 특징을 보입니다.",23.88,
/Users/woochul/github/Last_Project_test/data/test_dataset/ai/ai_0012.png,1,REAL,0.95,0,"피부, 머리카락, 옷감의 질감이 매우 자연스럽고, 조명과 그림자 처리가 일관적이며, AI 생성 특유의 인공적인 느낌이 없습니다.",21.05,
/Users/woochul/github/Last_Project_test/data/test_dataset/ai/ai_0013.png,1,REAL,0.95,0,"조명, 피부 질감, 옷 주름 등 모든 요소가 매우 자연스럽고 일관성이 있어 전문적인 사진 촬영물로 판단됩니다.",17.89,
/Users/woochul/github/Last_Project_test/data/test_dataset/ai/ai_0014.jpg,1,AI_GENERATED,0.9,1,"피부와 머리카락의 질감이 지나치게 완벽하고 균일하며, 전반적으로 비현실적으로 이상화된 느낌이 강함",23.11,
/Users/woochul/github/Last_Project_test/data/test_dataset/ai/ai_0015.jpg,1,REAL,0.9,0,"전반적인 조명, 피부 질감, 그리고 해부학적 구조가 전문적인 사진 촬영의 특징을 보이며, AI 생성 특유의 과도한 비현실성은 관찰되지 않습니다.",22.0,
/Users/woochul/github/Last_Project_test/data/test_dataset/ai/ai_0016.jpg,1,REAL,0.95,0,"피부, 머리카락, 조명 및 그림자가 매우 자연스럽고, 해부학적 오류나 AI 특유의 과도한 매끄러움이 관찰되지 않아 실제 촬영 사진으로 판단됩니다.",24.57,
/Users/woochul/github/Last_Project_test/data/test_dataset/ai/ai_0017.jpg,1,REAL,0.95,0,"피부, 머리카락, 배경의 흐림(bokeh) 처리가 매우 자연스러우며, 조명과 그림자 방향에 일관성이 있어 실제 촬영된 사진으로 판단됩니다.",22.53,
/Users/woochul/github/Last_Project_test/data/test_dataset/ai/ai_0018.jpg,1,REAL,0.95,0,"피부 질감, 조명, 해부학적 구조가 매우 자연스러우며, AI 생성 특유의 과도한 매끄러움이나 오류가 관찰되지 않습니다.",25.0,
/Users/woochul/github/Last_Project_test/data/test_dataset/ai/ai_0019.jpg,1,REAL,0.95,0,"피부, 머리카락, 옷감의 질감이 자연스럽고, 조명과 그림자가 전문적인 사진 촬영의 일관성을 보여 AI 생성 특유의 인공적인 느낌이 적습니다.",24.77,
/Users/woochul/github/Last_Project_test/data/test_dataset/ai/ai_0020.jpg,1,REAL,0.95,0,"피부 톤, 머리카락, 수염의 질감이 매우 자연스러우며, 조명과 그림자 처리가 일관되어 실제 촬영 사진으로 판단됩니다.",24.77,
/Users/woochul/github/Last_Project_test/data/test_dataset/ai/ai_0021.jpg,1,REAL,0.95,0,"피부 질감, 조명, 배경의 깊이감이 매우 자연스러워 실제 촬영 사진으로 판단됨.",22.63,
/Users/woochul/github/Last_Project_test/data/test_dataset/ai/ai_0022.jpg,1,REAL,0.95,0,"피부 톤과 머리카락의 질감이 자연스러우며, 조명과 그림자 처리가 전문적인 사진 촬영의 특징을 보입니다.",27.23,
/Users/woochul/github/Last_Project_test/data/test_dataset/ai/ai_0023.jpg,1,REAL,0.92,0,"조명, 피부 질감, 그리고 전반적인 디테일의 일관성이 전문적인 사진 촬영의 특징을 보입니다.",24.92,
/Users/woochul/github/Last_Project_test/data/test_dataset/ai/ai_0024.jpg,1,REAL,0.95,0,"피부와 머리카락의 질감이 매우 자연스럽고, 조명과 배경의 흐림(bokeh) 처리가 현실적이며 인위적인 오류가 없습니다.",24.24,
/Users/woochul/github/Last_Project_test/data/test_dataset/ai/ai_0025.jpg,1,REAL,0.95,0,"피부와 머리카락의 질감이 매우 자연스럽고, 조명과 그림자 처리가 일관적이며, AI 생성 특유의 인공적인 아티팩트가 관찰되지 않습니다.",23.68,
/Users/woochul/github/Last_Project_test/data/test_dataset/ai/ai_0026.jpg,1,AI_GENERATED,0.9,1,"피부 텍스처가 과도하게 매끄럽고 균일하며, 전반적인 이미지의 완벽한 렌더링이 인공적인 느낌을 줍니다.",17.93,
/Users/woochul/github/Last_Project_test/data/test_dataset/ai/ai_0027.jpg,1,REAL,0.92,0,"피부, 머리카락, 배경의 질감과 조명 및 그림자가 자연스럽게 표현되어 AI 생성 특유의 인공적인 느낌이 거의 없습니다.",23.29,
/Users/woochul/github/Last_Project_test/data/test_dataset/ai/ai_0028.jpg,1,REAL,0.95,0,"피부, 머리카락, 조명 및 그림자가 자연스럽고, AI 생성 특유의 인공적인 결함이나 과도한 매끄러움이 관찰되지 않습니다.",23.77,
/Users/woochul/github/Last_Project_test/data/test_dataset/ai/ai_0029.jpg,1,REAL,0.95,0,"피부와 머리카락의 질감이 자연스럽고, 조명이나 배경의 흐림 정도가 실제 촬영 환경에서 발생할 수 있는 특성으로 보이며, AI 생성 특유의 과도한 매끄러움이나 해부학적 오류가 관찰되지 않습니다.",25.65,
/Users/woochul/github/Last_Project_test/data/test_dataset/ai/ai_0030.jpg,1,REAL,0.92,0,"피부, 머리카락, 얼굴의 해부학적 구조가 매우 자연스러우며, 조명과 그림자 처리도 일관성이 있어 AI 생성 특유의 인공적인 느낌이 없습니다.",24.39,
/Users/woochul/github/Last_Project_test/data/test_dataset/ai/ai_0031.jpg,1,REAL,0.9,0,"피부 질감, 조명, 그리고 전반적인 디테일이 매우 자연스러워 AI 생성의 흔적이 발견되지 않습니다.",24.32,
/Users/woochul/github/Last_Project_test/data/test_dataset/ai/ai_0032.jpg,1,REAL,0.95,0,"피부, 머리카락, 조명 및 그림자가 매우 자연스럽고, AI 생성물에서 흔히 보이는 과도한 매끄러움이나 해부학적 오류가 관찰되지 않습니다.",23.13,
/Users/woochul/github/Last_Project_test/data/test_dataset/ai/ai_0033.jpg,1,REAL,0.95,0,"피부, 머리카락, 배경의 흐림(bokeh) 처리가 자연스럽고, 조명과 그림자 방향이 일관되어 실제 촬영 사진의 특징을 보입니다.",24.09,
/Users/woochul/github/Last_Project_test/data/test_dataset/ai/ai_0034.jpg,1,AI_GENERATED,0.88,1,피부와 머리카락의 질감이 지나치게 완벽하고 매끄러워 실제 사진에서 보기 어려운 '과도한 완벽함'이 느껴집니다.,25.34,
/Users/woochul/github/Last_Project_test/data/test_dataset/ai/ai_0035.jpg,1,REAL,0.95,0,"피부, 털, 조명 및 그림자가 매우 자연스럽고 일관적이며, AI 생성 특유의 과도한 매끄러움이나 오류가 관찰되지 않습니다.",23.28,
/Users/woochul/github/Last_Project_test/data/test_dataset/ai/ai_0036.jpg,1,REAL,0.95,0,"피부와 머리카락의 질감이 매우 자연스럽고, 조명과 그림자가 일관되어 실제 촬영 사진의 특징을 보임.",25.33,
/Users/woochul/github/Last_Project_test/data/test_dataset/ai/ai_0037.jpg,1,REAL,0.92,0,"피부, 머리카락, 의류의 질감이 매우 자연스럽고, 조명과 배경의 흐림 효과가 실제 사진 촬영의 특징을 보임.",23.79,
/Users/woochul/github/Last_Project_test/data/test_dataset/ai/ai_0038.jpg,1,REAL,0.92,0,"피부 텍스처, 머리카락의 디테일, 그리고 조명과 그림자의 배치가 전문적인 사진 촬영의 특징을 보이며, AI 생성물에서 흔히 발견되는 과도한 균일함이나 비현실적인 아티팩트가 관찰되지 않습니다.",23.97,
/Users/woochul/github/Last_Project_test/data/test_dataset/ai/ai_0039.jpg,1,REAL,0.95,0,"피부의 미세한 질감, 자연스러운 조명과 그림자 처리, 그리고 전반적인 사진적 디테일이 매우 사실적입니다.",23.75,
/Users/woochul/github/Last_Project_test/data/test_dataset/ai/ai_0040.jpg,1,REAL,0.95,0,"피부와 머리카락의 질감이 매우 섬세하고 자연스러우며, 전문적인 사진 촬영에서 볼 수 있는 현실적인 조명과 그림자가 관찰됩니다.",24.71,
/Users/woochul/github/Last_Project_test/data/test_dataset/ai/ai_0041.jpg,1,REAL,0.95,0,"피부 질감, 조명과 그림자의 방향이 매우 자연스럽고, 해부학적 구조에 이상이 없어 전문적인 사진 촬영물로 판단됩니다.",22.44,
/Users/woochul/github/Last_Project_test/data/test_dataset/ai/ai_0042.jpg,1,REAL,0.92,0,"피부, 머리카락, 옷감의 질감이 매우 자연스럽고, 조명과 그림자 처리가 전문적인 사진 촬영의 특징을 보입니다.",23.52,
/Users/woochul/github/Last_Project_test/data/test_dataset/ai/ai_0043.jpg,1,REAL,0.95,0,"피부, 머리카락, 옷감의 질감이 매우 자연스러우며, 조명과 그림자 방향이 일관되고 해부학적 오류가 관찰되지 않아 실제 촬영 사진으로 판단됩니다.",21.04,
/Users/woochul/github/Last_Project_test/data/test_dataset/ai/ai_0044.jpg,1,REAL,0.95,0,"피부, 머리카락, 조명 및 그림자 처리가 매우 자연스러우며, AI 생성 특유의 인공적인 질감이나 해부학적 오류가 관찰되지 않습니다.",23.71,
/Users/woochul/github/Last_Project_test/data/test_dataset/ai/ai_0045.jpg,1,REAL,0.95,0,"피부, 머리카락, 의상의 질감이 매우 자연스럽고, 조명과 배경의 깊이(bokeh)가 전문적인 사진 촬영의 특징을 보입니다.",25.64,
/Users/woochul/github/Last_Project_test/data/test_dataset/ai/ai_0046.jpg,1,REAL,0.95,0,"피부, 털, 수염의 질감이 매우 자연스럽고, 조명과 그림자 처리가 일관적이며, 배경의 흐림 효과(bokeh)가 실제 사진 촬영 기법과 일치합니다.",23.61,
/Users/woochul/github/Last_Project_test/data/test_dataset/ai/ai_0047.jpg,1,REAL,0.95,0,"피부, 머리카락, 조명 및 배경 흐림(bokeh) 처리가 매우 자연스러우며, AI 생성 특유의 부자연스러운 질감이나 해부학적 오류가 관찰되지 않습니다.",24.74,
/Users/woochul/github/Last_Project_test/data/test_dataset/ai/ai_0048.jpg,1,REAL,0.95,0,"피부, 머리카락, 얼굴의 질감과 조명 및 그림자가 매우 자연스러우며, AI 생성물에서 흔히 보이는 과도한 매끄러움이나 비현실적인 아티팩트가 관찰되지 않습니다.",22.65,
/Users/woochul/github/Last_Project_test/data/test_dataset/ai/ai_0049.jpg,1,REAL,0.95,0,"피부, 머리카락, 옷감의 질감이 매우 자연스럽고, 조명과 그림자 처리가 전문적인 사진 촬영의 특징을 보이며 인공적인 오류가 발견되지 않습니다.",18.75,
/Users/woochul/github/Last_Project_test/data/test_dataset/ai/ai_0050.jpg,1,REAL,0.95,0,"피부 텍스처, 자연스러운 조명과 그림자, 그리고 배경의 자연스러운 아웃포커싱(bokeh) 효과가 실제 사진의 특징을 강하게 보여주며, AI 생성 특유의 인공적인 질감이나 오류가 관찰되지 않습니다.",23.13,
/Users/woochul/github/Last_Project_test/data/test_dataset/ai/ai_0051.jpg,1,REAL,0.95,0,"피부와 머리카락의 질감이 매우 자연스럽고, 조명과 그림자가 일관적이며, 전반적으로 전문적인 사진의 느낌을 줍니다.",25.77,
/Users/woochul/github/Last_Project_test/data/test_dataset/ai/ai_0052.jpg,1,REAL,0.95,0,"피부, 머리카락, 그리고 얼굴의 주름과 그림자 처리가 매우 자연스러우며, 전반적인 질감이 실제 사진 촬영물과 일치합니다.",21.02,
/Users/woochul/github/Last_Project_test/data/test_dataset/ai/ai_0053.jpg,1,REAL,0.95,0,"피부, 머리카락, 얼굴의 질감과 조명 및 그림자가 매우 자연스럽고 복잡하여 AI 생성 특유의 인위적인 느낌이나 오류가 관찰되지 않습니다.",21.86,
/Users/woochul/github/Last_Project_test/data/test_dataset/ai/ai_0054.jpg,1,REAL,0.95,0,"피부 질감, 조명, 해부학적 구조가 매우 자연스러우며, 전문적인 스튜디오 사진의 특징을 보임.",22.39,
/Users/woochul/github/Last_Project_test/data/test_dataset/ai/ai_0055.jpg,1,REAL,0.85,0,"피부와 머리카락의 질감이 자연스럽고, 조명과 그림자 처리가 일관적이며, 배경의 흐림(bokeh) 처리도 현실적입니다.",27.29,
/Users/woochul/github/Last_Project_test/data/test_dataset/ai/ai_0056.jpg,1,REAL,0.95,0,"피부 질감, 자연스러운 조명과 그림자, 그리고 전반적인 사진의 깊이감이 실제 촬영된 사진의 특징을 강하게 보여주며, AI 생성 특유의 인공적인 오류가 관찰되지 않습니다.",22.71,
/Users/woochul/github/Last_Project_test/data/test_dataset/ai/ai_0057.jpg,1,REAL,0.92,0,"피부 보정은 되어 있으나, 해부학적 구조나 조명, 질감에서 AI 생성 특유의 비현실적인 오류나 과도한 균일함이 관찰되지 않아 실제 촬영된 사진으로 판단됩니다.",28.31,
/Users/woochul/github/Last_Project_test/data/test_dataset/ai/ai_0058.jpg,1,REAL,0.95,0,"피부의 주름, 모발의 질감, 그리고 그림자와 조명의 방향성이 매우 자연스럽고 일관되어 AI 생성의 흔적이 발견되지 않습니다.",21.9,
/Users/woochul/github/Last_Project_test/data/test_dataset/ai/ai_0059.jpg,1,REAL,0.95,0,"피부 질감, 머리카락의 디테일, 그리고 자연스러운 조명과 그림자가 매우 사실적이며 AI 생성 특유의 부자연스러운 패턴이나 과도한 매끄러움이 관찰되지 않습니다.",21.91,
/Users/woochul/github/Last_Project_test/data/test_dataset/ai/ai_0060.jpg,1,AI_GENERATED,0.9,1,"피부와 머리카락의 질감이 지나치게 매끄럽고 완벽하여, 실제 사진에서 보기 어려운 인공적인 느낌이 강합니다.",26.46,
/Users/woochul/github/Last_Project_test/data/test_dataset/ai/ai_0061.jpg,1,REAL,0.9,0,"피부 질감, 머리카락의 디테일, 그리고 그림자와 조명의 자연스러운 변화가 전문적인 사진 촬영의 특징을 강하게 보여주며, AI 생성 특유의 과도한 균일함이나 오류가 관찰되지 않습니다.",24.05,
/Users/woochul/github/Last_Project_test/data/test_dataset/ai/ai_0062.jpg,1,REAL,0.95,0,"피부, 머리카락, 배경의 질감과 조명 및 그림자가 자연스럽고, AI 생성 특유의 과도한 매끄러움이나 해부학적 오류가 관찰되지 않습니다.",21.22,
/Users/woochul/github/Last_Project_test/data/test_dataset/ai/ai_0063.jpg,1,AI_GENERATED,0.9,1,피부와 머리카락의 질감이 지나치게 완벽하고 매끄러워 실제 사진에서 보기 어려운 인공적인 느낌이 강합니다.,25.24,
/Users/woochul/github/Last_Project_test/data/test_dataset/ai/ai_0064.jpg,1,REAL,0.95,0,"피부, 머리카락, 배경의 흐림 효과 등이 자연스럽고, AI 생성 특유의 과도한 매끄러움이나 해부학적 오류가 관찰되지 않습니다.",23.5,
/Users/woochul/github/Last_Project_test/data/test_dataset/ai/ai_0065.jpg,1,REAL,0.95,0,"피부, 머리카락, 조명 및 그림자가 매우 자연스럽고, AI 생성물에서 흔히 보이는 과도한 매끄러움이나 해부학적 오류가 관찰되지 않습니다.",24.41,
/Users/woochul/github/Last_Project_test/data/test_dataset/ai/ai_0066.jpg,1,REAL,0.92,0,"피부 텍스처, 머리카락의 디테일, 그리고 조명과 그림자의 방향이 전문적인 사진 촬영의 특징을 보이며 자연스럽습니다.",21.79,
/Users/woochul/github/Last_Project_test/data/test_dataset/ai/ai_0067.jpg,1,AI_GENERATED,0.9,1,피부 텍스처가 과도하게 매끄럽고 결점 없이 균일하여 실제 인물 사진에서 보기 어려운 비현실적인 완벽함을 보입니다.,26.81,
/Users/woochul/github/Last_Project_test/data/test_dataset/ai/ai_0068.jpg,1,AI_GENERATED,0.85,1,"피부 톤과 질감이 지나치게 완벽하고 균일하며, 전반적으로 과도하게 매끄럽게 처리된 느낌이 강함",18.93,
/Users/woochul/github/Last_Project_test/data/test_dataset/ai/ai_0069.jpg,1,REAL,0.92,0,"조명과 그림자가 일관적이며, 피부와 머리카락의 질감이 전문적인 사진 보정 수준으로 자연스럽습니다.",23.2,
/Users/woochul/github/Last_Project_test/data/test_dataset/ai/ai_0070.jpg,1,REAL,0.95,0,"피부의 미세한 질감, 머리카락의 디테일, 그리고 조명과 그림자의 방향성이 매우 자연스러워 실제 촬영된 사진으로 판단됩니다.",21.66,
/Users/woochul/github/Last_Project_test/data/test_dataset/ai/ai_0071.jpg,1,REAL,0.9,0,"조명, 피부 텍스처, 그리고 전반적인 해부학적 구조가 일관성이 있으며 전문적인 사진 촬영의 특징을 보입니다.",23.58,
/Users/woochul/github/Last_Project_test/data/test_dataset/ai/ai_0072.jpg,1,REAL,0.9,0,"조명, 그림자, 그리고 피부 및 직물 텍스처가 일관되고 자연스러워 AI 생성의 전형적인 오류가 보이지 않습니다.",25.88,
/Users/woochul/github/Last_Project_test/data/test_dataset/ai/ai_0073.jpg,1,REAL,0.95,0,"조명과 그림자의 방향 및 강도가 일관적이며, 의복의 주름과 피부 질감이 매우 사실적이고 전문적인 사진 촬영의 특징을 보임.",22.85,
/Users/woochul/github/Last_Project_test/data/test_dataset/ai/ai_0074.jpg,1,AI_GENERATED,0.9,1,"피부 텍스처가 과도하게 매끄럽고 완벽하여 인위적인 느낌이 강하며, 전반적인 이미지가 지나치게 정제되어 있습니다.",28.83,
/Users/woochul/github/Last_Project_test/data/test_dataset/ai/ai_0075.jpg,1,REAL,0.95,0,"피부, 직물(데님, 밀짚), 배경의 질감과 조명 및 그림자 처리가 매우 자연스럽고 일관성이 높아 AI 생성의 흔적이 발견되지 않습니다.",25.51,
/Users/woochul/github/Last_Project_test/data/test_dataset/ai/ai_0076.jpg,1,REAL,0.92,0,"피부, 직물, 배경의 질감이 매우 자연스럽고, 조명과 그림자의 방향 및 강도가 일관적이며, 전문적인 사진 촬영의 특징을 보입니다.",23.36,
/Users/woochul/github/Last_Project_test/data/test_dataset/ai/ai_0077.jpg,1,AI_GENERATED,0.9,1,"피부와 직물 텍스처가 과도하게 매끄럽고 완벽하게 이상화되어 있으며, 전반적인 분위기가 AI가 구현하는 하이퍼-리얼리즘 포트레이트의 특징을 강하게 보입니다.",25.47,
/Users/woochul/github/Last_Project_test/data/test_dataset/ai/ai_0078.jpg,1,AI_GENERATED,0.9,1,"전반적으로 완벽하게 연출된 드라마틱한 조명과, 피부 및 직물 텍스처가 현실보다 과도하게 매끄럽고 이상화된 점이 AI 생성의 특징을 보입니다.",29.21,
/Users/woochul/github/Last_Project_test/data/test_dataset/ai/ai_0079.jpg,1,REAL,0.95,0,"피부, 머리카락, 옷의 질감이 매우 자연스럽고, 조명과 그림자 방향이 일관적이며, 배경의 복잡한 요소들이 현실적인 깊이감과 패턴을 보여줍니다.",25.88,
/Users/woochul/github/Last_Project_test/data/test_dataset/ai/ai_0080.jpg,1,REAL,0.95,0,"피부, 머리카락, 옷감의 질감이 매우 자연스러우며, 조명과 배경의 깊이(Depth of Field) 처리가 전문적인 사진 촬영의 특징을 보입니다.",23.04,
/Users/woochul/github/Last_Project_test/data/test_dataset/ai/ai_0081.jpg,1,REAL,0.95,0,"피부, 머리카락, 배경의 디테일과 조명 및 그림자 처리가 매우 자연스럽고 복잡하여 전문적인 사진 촬영으로 판단됩니다.",23.83,
/Users/woochul/github/Last_Project_test/data/test_dataset/ai/ai_0082.jpg,1,REAL,0.95,0,"조명, 옷의 주름, 배경의 디테일 등이 실제 사진에서 관찰되는 물리적 일관성을 보여주며, AI 생성 특유의 인공적인 오류나 과도한 균일함이 발견되지 않습니다.",22.98,
/Users/woochul/github/Last_Project_test/data/test_dataset/ai/ai_0083.jpg,1,REAL,0.95,0,"피부, 머리카락, 배경의 디테일과 복잡한 조명 및 그림자가 매우 자연스럽고 일관적이며, 인체 해부학적 오류가 관찰되지 않아 실제 촬영 사진으로 판단됩니다.",24.39,
/Users/woochul/github/Last_Project_test/data/test_dataset/ai/ai_0084.jpg,1,REAL,0.95,0,"피부, 머리카락, 옷의 질감이 자연스럽고, 배경의 복잡한 요소들(술병, 나무, 사람)이 현실적인 깊이와 조명 변화를 보여주어 AI 생성의 특징이 거의 없습니다.",26.77,
/Users/woochul/github/Last_Project_test/data/test_dataset/ai/ai_0085.jpg,1,REAL,0.95,0,"피부, 머리카락, 옷감의 질감이 매우 자연스러우며, 배경의 조명과 그림자 처리가 일관적이고 현실적인 실내 사진의 특징을 보입니다.",25.26,
/Users/woochul/github/Last_Project_test/data/test_dataset/ai/ai_0086.jpg,1,REAL,0.95,0,"피부, 머리카락, 옷의 질감이 매우 자연스러우며, 조명과 그림자의 방향이 일관되고 해부학적 오류가 관찰되지 않습니다.",22.54,
/Users/woochul/github/Last_Project_test/data/test_dataset/ai/ai_0087.jpg,1,AI_GENERATED,0.92,1,"피부와 머리카락의 질감이 과도하게 매끄럽고 균일하며, 인위적인 반짝이(glitter) 효과가 과도하게 사용되어 AI 생성 특유의 비현실적인 느낌이 강함.",29.71,
/Users/woochul/github/Last_Project_test/data/test_dataset/ai/ai_0088.jpg,1,REAL,0.95,0,"피부, 머리카락, 옷의 질감 표현이 매우 자연스러우며, 해부학적 오류나 조명/그림자 불일치가 관찰되지 않습니다.",23.79,
/Users/woochul/github/Last_Project_test/data/test_dataset/ai/ai_0089.jpg,1,AI_GENERATED,0.92,1,"피부와 머리카락의 질감이 지나치게 완벽하고 균일하며, 전반적인 분위기가 비현실적으로 이상화된 '하이퍼-리얼' 느낌을 주어 AI 생성 또는 과도한 디지털 보정의 특징이 강함.",25.7,
/Users/woochul/github/Last_Project_test/data/test_dataset/ai/ai_0090.jpg,1,AI_GENERATED,0.9,1,"피부와 머리카락의 질감이 과도하게 완벽하고 균일하며, 전반적인 미적 표현이 비현실적으로 이상화되어 AI 생성 특유의 '완벽함'을 보여줍니다.",25.98,
/Users/woochul/github/Last_Project_test/data/test_dataset/ai/ai_0091.jpg,1,AI_GENERATED,0.85,1,"피부와 머리카락의 질감이 지나치게 완벽하고 균일하며, 전반적으로 비현실적으로 이상화된(idealized) 느낌이 강함.",27.59,
/Users/woochul/github/Last_Project_test/data/test_dataset/ai/ai_0092.jpg,1,AI_GENERATED,0.9,1,"피부와 머리카락의 질감이 비현실적으로 완벽하고 매끄러우며, 전반적인 스타일링과 장신구의 디테일이 과도하게 이상화되어 AI 생성 특유의 느낌이 강함.",29.63,
/Users/woochul/github/Last_Project_test/data/test_dataset/ai/ai_0093.jpg,1,AI_GENERATED,0.9,1,"피부와 의상의 질감이 지나치게 완벽하고 매끄러우며, 전체적인 분위기가 비현실적으로 이상화된 '하이퍼-리얼리즘'의 특징을 보입니다.",27.31,
/Users/woochul/github/Last_Project_test/data/test_dataset/ai/ai_0094.jpg,1,REAL,0.92,0,"피부, 머리카락, 옷의 주름 등 전반적인 텍스처와 조명 및 그림자의 방향성이 매우 자연스럽고 일관적입니다. 해부학적 오류나 AI 특유의 과도한 매끄러움이 관찰되지 않습니다.",24.44,
/Users/woochul/github/Last_Project_test/data/test_dataset/ai/ai_0095.jpg,1,REAL,0.95,0,"조명과 그림자의 방향 및 일관성이 매우 자연스러우며, 옷감의 주름과 피부 텍스처가 전문적인 사진 촬영의 특징을 강하게 보여줍니다.",24.8,
/Users/woochul/github/Last_Project_test/data/test_dataset/ai/ai_0096.jpg,1,AI_GENERATED,0.9,1,"피부와 옷의 질감이 지나치게 완벽하고 균일하며, 전반적인 조명과 그림자 처리가 비현실적으로 매끄럽습니다.",26.79,
/Users/woochul/github/Last_Project_test/data/test_dataset/ai/ai_0097.jpg,1,REAL,0.95,0,"피부 톤과 질감, 조명과 그림자의 방향성이 매우 자연스럽고, 배경의 흐림(bokeh) 처리 역시 전문적인 사진 촬영 기법을 따르고 있어 실제 사진으로 판단됩니다.",23.31,
/Users/woochul/github/Last_Project_test/data/test_dataset/ai/ai_0098.jpg,1,AI_GENERATED,0.92,1,"피부와 직물의 질감이 과도하게 매끄럽고, 배경의 만월과 전체적인 조명 연출이 비현실적으로 완벽하여 AI 생성의 특징이 강함.",28.49,
/Users/woochul/github/Last_Project_test/data/test_dataset/ai/ai_0099.jpg,1,AI_GENERATED,0.92,1,"피부와 머리카락의 질감이 지나치게 완벽하고 균일하며, 전반적으로 비현실적으로 이상화된 느낌이 강함.",26.87,
/Users/woochul/github/Last_Project_test/data/test_dataset/ai/ai_0100.jpg,1,AI_GENERATED,0.92,1,"피부와 털의 질감이 과도하게 매끄럽고 균일하며, 전반적으로 완벽하게 이상화된(hyper-perfect) 느낌이 AI 생성 이미지의 특징을 보입니다.",25.51,
/Users/woochul/github/Last_Project_test/data/test_dataset/ai/ai_0101.jpg,1,REAL,0.9,0,"피부, 손가락, 배경의 디테일이 자연스럽고, 조명과 그림자의 방향성이 일관되어 전문적인 사진 촬영 및 보정의 결과물로 판단됩니다.",24.27,
/Users/woochul/github/Last_Project_test/data/test_dataset/real/real_0001.jpg,0,UNCERTAIN,0.5,0,,0.0,"Image size (221990400 pixels) exceeds limit of 178956970 pixels, could be decompression bomb DOS attack."
/Users/woochul/github/Last_Project_test/data/test_dataset/real/real_0002.jpg,0,REAL,0.95,0,"조명, 피부 질감, 그리고 그림자가 매우 자연스럽고 전문적인 사진 촬영의 특징을 보여줍니다.",20.77,
/Users/woochul/github/Last_Project_test/data/test_dataset/real/real_0003.jpg,0,AI_GENERATED,0.85,1,"스모그와 조명 효과가 매우 완벽하게 연출되어 있으며, 피부와 머리카락의 질감이 지나치게 매끄럽고 이상적인 수준으로 표현되어 AI 생성의 특징을 보임",25.41,
/Users/woochul/github/Last_Project_test/data/test_dataset/real/real_0004.jpg,0,REAL,0.92,0,"피부, 손가락, 옷감의 질감이 매우 자연스럽고, 조명과 그림자 처리가 일관되어 AI 생성 특유의 오류가 발견되지 않습니다.",26.13,
/Users/woochul/github/Last_Project_test/data/test_dataset/real/real_0005.jpg,0,REAL,0.95,0,"피부, 옷의 주름, 배경의 질감 및 그림자 방향이 매우 자연스럽고 일관되어 AI 생성의 흔적이 발견되지 않습니다.",23.47,
/Users/woochul/github/Last_Project_test/data/test_dataset/real/real_0006.jpg,0,REAL,0.95,0,"피부와 옷감의 주름, 그리고 그림자가 매우 자연스럽고 일관성이 있어 실제 촬영된 사진으로 판단됩니다.",20.83,
/Users/woochul/github/Last_Project_test/data/test_dataset/real/real_0007.jpg,0,REAL,0.95,0,"피부, 옷감, 머리카락 등 모든 텍스처가 매우 자연스럽고, 조명과 그림자 방향이 일관되어 실제 촬영된 사진의 특징을 보입니다.",24.13,
/Users/woochul/github/Last_Project_test/data/test_dataset/real/real_0008.jpg,0,REAL,0.95,0,"피부와 머리카락의 질감이 매우 자연스럽고, 조명과 그림자의 방향이 일관적이며, AI 생성 특유의 부자연스러운 아티팩트가 관찰되지 않습니다.",20.14,
/Users/woochul/github/Last_Project_test/data/test_dataset/real/real_0009.jpg,0,REAL,0.92,0,"피부, 머리카락의 질감과 배경의 자연스러운 보케 효과가 실제 사진의 특징을 강하게 보여줍니다.",20.26,
/Users/woochul/github/Last_Project_test/data/test_dataset/real/real_0010.jpg,0,REAL,0.95,0,"피부, 옷감, 머리카락의 질감이 매우 자연스럽고, 조명과 그림자의 방향이 일관적이며, 배경의 복잡한 디테일이 실제 촬영 환경의 특징을 잘 보여줍니다.",23.87,
/Users/woochul/github/Last_Project_test/data/test_dataset/real/real_0011.jpg,0,REAL,0.95,0,"피부와 털의 질감이 매우 자연스럽고, 조명과 그림자의 방향성이 일관되어 실제 촬영된 사진의 특징을 보입니다.",20.03,
/Users/woochul/github/Last_Project_test/data/test_dataset/real/real_0012.jpg,0,REAL,0.95,0,"피부와 옷의 주름, 질감 표현이 매우 자연스러우며, 배경의 흐림(bokeh) 처리와 조명 방향이 실제 사진에서 관찰되는 물리적 특성을 잘 따르고 있어 AI 생성물로 보기 어렵습니다.",24.08,
/Users/woochul/github/Last_Project_test/data/test_dataset/real/real_0013.jpg,0,REAL,0.95,0,"피부, 머리카락, 옷감의 질감이 매우 자연스러우며, 배경의 흐림(bokeh) 처리와 조명 및 그림자 방향이 물리적으로 일관성이 있어 실제 촬영된 사진으로 판단됩니다.",23.81,
/Users/woochul/github/Last_Project_test/data/test_dataset/real/real_0014.jpg,0,REAL,0.95,0,"피부, 털, 옷감의 질감이 매우 자연스럽고, 손가락이나 얼굴의 해부학적 구조에 이상이 없으며, 조명과 그림자 처리가 전문적인 사진 촬영의 특징을 보입니다.",20.39,
/Users/woochul/github/Last_Project_test/data/test_dataset/real/real_0015.jpg,0,REAL,0.95,0,"피부, 직물, 배경의 흐림(bokeh) 처리가 매우 자연스러우며, 해부학적 오류나 AI 특유의 과도한 균일함이 관찰되지 않아 실제 촬영 사진으로 판단됩니다.",24.4,
/Users/woochul/github/Last_Project_test/data/test_dataset/real/real_0016.jpg,0,REAL,0.95,0,"피부, 머리카락, 옷감의 질감이 매우 자연스럽고, 조명과 그림자 처리가 일관적이며, 해부학적 오류가 관찰되지 않아 실제 촬영 사진으로 판단됩니다.",22.02,
/Users/woochul/github/Last_Project_test/data/test_dataset/real/real_0017.jpg,0,REAL,0.9,0,"피부, 의류, 배경의 질감과 조명 및 그림자의 방향이 일관적이며, AI 생성물에서 흔히 보이는 과도한 균일함이나 해부학적 오류가 관찰되지 않습니다.",24.92,
/Users/woochul/github/Last_Project_test/data/test_dataset/real/real_0018.jpg,0,REAL,0.95,0,"피부, 머리카락, 옷감의 질감이 자연스럽고, 조명과 배경 흐림(bokeh) 처리가 실제 사진 촬영의 특징을 보임.",22.36,
/Users/woochul/github/Last_Project_test/data/test_dataset/real/real_0019.jpg,0,REAL,0.95,0,"피부, 머리카락, 의상의 질감이 매우 자연스럽고, 조명과 그림자의 방향성이 일관적이며, 배경의 흐림 효과(bokeh)도 현실적인 사진 촬영의 특징을 보입니다.",21.73,
/Users/woochul/github/Last_Project_test/data/test_dataset/real/real_0020.jpg,0,REAL,0.92,0,"조명, 의상의 주름, 피부 질감 등이 전문 스튜디오 사진의 특징을 보이며, AI 생성 특유의 인공적인 오류나 과도한 균일함이 관찰되지 않습니다.",22.07,
/Users/woochul/github/Last_Project_test/data/test_dataset/real/real_0021.jpg,0,REAL,0.95,0,"피부 톤, 머리카락의 디테일, 그리고 자연스러운 조명과 그림자가 일관성을 보여 실제 촬영된 사진으로 판단됩니다.",21.56,
/Users/woochul/github/Last_Project_test/data/test_dataset/real/real_0022.jpg,0,REAL,0.95,0,"조명, 옷의 주름, 피부 톤 등 전반적인 디테일이 매우 자연스러우며, 전문적인 사진 촬영의 특징을 보입니다.",22.68,
/Users/woochul/github/Last_Project_test/data/test_dataset/real/real_0023.jpg,0,REAL,0.92,0,"피부, 머리카락, 의상의 질감이 복잡하고 자연스러우며, 해부학적 오류나 배경의 비현실적인 패턴이 관찰되지 않습니다.",25.64,
/Users/woochul/github/Last_Project_test/data/test_dataset/real/real_0024.jpg,0,REAL,0.92,0,"조명, 배경의 보케(bokeh) 효과, 그리고 의상과 피부의 질감이 전문적인 사진 촬영의 특징을 강하게 보여주며, AI 생성 특유의 인공적인 오류가 관찰되지 않습니다.",23.3,
/Users/woochul/github/Last_Project_test/data/test_dataset/real/real_0025.jpg,0,REAL,0.95,0,"피부, 의류의 질감 표현이 매우 자연스러우며, 배경의 아웃포커싱(bokeh)과 조명 및 그림자 처리가 실제 사진 촬영의 특성을 강하게 보여줍니다.",21.51,
/Users/woochul/github/Last_Project_test/data/test_dataset/real/real_0026.jpg,0,REAL,0.95,0,"피부, 머리카락, 배경의 질감과 조명이 매우 자연스럽고, 인위적인 AI 생성의 흔적이나 해부학적 오류가 관찰되지 않습니다.",23.98,
/Users/woochul/github/Last_Project_test/data/test_dataset/real/real_0027.jpg,0,REAL,0.95,0,"피부, 옷의 주름, 그리고 배경의 자연스러운 심도 표현(bokeh)이 실제 사진 촬영의 특징을 강하게 보여줍니다.",18.85,
/Users/woochul/github/Last_Project_test/data/test_dataset/real/real_0028.jpg,0,REAL,0.95,0,"조명, 의상의 주름, 손가락 및 얼굴의 해부학적 디테일이 전문 스튜디오 사진의 특징을 매우 잘 보여주며, AI 생성 특유의 부자연스러운 질감이나 오류가 관찰되지 않습니다.",25.57,
/Users/woochul/github/Last_Project_test/data/test_dataset/real/real_0029.jpg,0,REAL,0.92,0,"피부와 머리카락의 질감, 그리고 자연스러운 조명과 그림자 처리가 전문적인 사진 촬영의 특징을 강하게 보여주며, AI 생성 특유의 과도한 매끄러움이나 오류가 관찰되지 않습니다.",21.47,
/Users/woochul/github/Last_Project_test/data/test_dataset/real/real_0030.jpg,0,REAL,0.9,0,"피부와 옷의 주름, 그리고 강한 역광 아래의 그림자 처리가 자연스럽고 일관성이 있어 실제 촬영된 사진으로 판단됩니다.",23.0,
/Users/woochul/github/Last_Project_test/data/test_dataset/real/real_0031.jpg,0,REAL,0.95,0,"피부 주름, 옷의 주름, 그리고 전반적인 피부 톤의 미묘한 불균일함 등 디테일이 실제 사진의 질감을 매우 사실적으로 보여줍니다.",22.01,
/Users/woochul/github/Last_Project_test/data/test_dataset/real/real_0032.jpg,0,REAL,0.85,0,"피부, 머리카락, 니트 직물의 질감이 매우 자연스럽고, 손가락과 포즈 등 해부학적 구조에 이상이 없으며, 조명과 그림자 처리가 일관적입니다.",25.94,
/Users/woochul/github/Last_Project_test/data/test_dataset/real/real_0033.jpg,0,REAL,0.95,0,"피부, 옷감, 수염 등 모든 텍스처가 매우 자연스럽고, 조명과 그림자의 방향 및 일관성이 전문적인 사진 촬영의 특징을 보입니다.",21.6,
/Users/woochul/github/Last_Project_test/data/test_dataset/real/real_0034.jpg,0,REAL,0.95,0,"전반적인 피부, 손가락, 의상의 질감과 조명, 그림자 처리가 매우 자연스러우며, AI 생성 특유의 부자연스러운 패턴이나 오류가 관찰되지 않습니다.",28.24,
/Users/woochul/github/Last_Project_test/data/test_dataset/real/real_0035.jpg,0,REAL,0.95,0,"피부, 손가락, 귀 등 해부학적 구조가 매우 자연스러우며, 조명과 배경의 흐림(bokeh) 처리가 실제 사진 촬영 기법과 일치합니다.",24.11,
/Users/woochul/github/Last_Project_test/data/test_dataset/real/real_0036.jpg,0,REAL,0.95,0,"피부 질감, 머리카락의 디테일, 그리고 배경의 자연스러운 아웃포커싱(depth of field)이 실제 사진의 특징을 강하게 보여줍니다.",21.6,
/Users/woochul/github/Last_Project_test/data/test_dataset/real/real_0037.jpg,0,AI_GENERATED,0.9,1,"피부와 머리카락의 질감이 지나치게 완벽하고 균일하며, 특히 머리색의 채도가 비현실적으로 높고 인위적인 느낌을 줍니다.",22.29,
/Users/woochul/github/Last_Project_test/data/test_dataset/real/real_0038.jpg,0,REAL,0.85,0,"조명과 그림자의 방향 및 일관성이 매우 자연스러우며, 전반적인 구도와 포즈가 전문적인 사진 촬영의 특징을 보임.",28.46,
/Users/woochul/github/Last_Project_test/data/test_dataset/real/real_0039.jpg,0,REAL,0.92,0,"피부와 의상의 질감, 손가락의 구조, 그리고 배경의 조명 및 그림자 처리가 현실적이며, 전문적인 보정 사진으로 판단됩니다.",25.44,
/Users/woochul/github/Last_Project_test/data/test_dataset/real/real_0040.jpg,0,REAL,0.95,0,"피부의 주름, 질감, 그리고 전반적인 디테일이 매우 자연스럽고 복잡하여 AI가 생성하기 어려운 높은 수준의 사실성을 보여줍니다.",23.52,
/Users/woochul/github/Last_Project_test/data/test_dataset/real/real_0041.jpg,0,REAL,0.92,0,"수염과 피부의 질감이 매우 복잡하고 자연스러우며, 조명과 그림자 처리가 현실적입니다.",22.23,
/Users/woochul/github/Last_Project_test/data/test_dataset/real/real_0042.jpg,0,REAL,0.92,0,"피부, 머리카락, 옷의 질감과 조명 및 그림자가 자연스럽고 일관성이 있어 AI 생성의 흔적이 보이지 않습니다.",20.94,
/Users/woochul/github/Last_Project_test/data/test_dataset/real/real_0043.jpg,0,REAL,0.92,0,"피부와 조명, 해부학적 구조가 자연스럽고 AI 생성 특유의 오류가 관찰되지 않습니다.",22.77,
/Users/woochul/github/Last_Project_test/data/test_dataset/real/real_0044.jpg,0,AI_GENERATED,0.85,1,"피부와 머리카락의 질감이 매우 완벽하고 균일하며, 전반적인 조명과 구도가 전문적인 AI 생성 이미지의 특징을 보입니다.",28.08,
/Users/woochul/github/Last_Project_test/data/test_dataset/real/real_0045.jpg,0,REAL,0.95,0,"사진 특유의 자연스러운 노이즈와 복잡한 조명, 그리고 현실적인 피부/머리카락 질감이 관찰되어 AI 생성의 특징이 적습니다.",24.52,
/Users/woochul/github/Last_Project_test/data/test_dataset/real/real_0046.jpg,0,REAL,0.95,0,"피부, 머리카락, 배경 흐림(bokeh) 효과가 매우 자연스러우며, 인공적인 질감이나 해부학적 오류가 관찰되지 않습니다.",22.87,
/Users/woochul/github/Last_Project_test/data/test_dataset/real/real_0047.jpg,0,REAL,0.92,0,"조명과 그림자 방향이 일관되며, 피부와 직물의 질감이 자연스럽고 배경의 흐림 효과(bokeh)가 현실적입니다.",26.14,
/Users/woochul/github/Last_Project_test/data/test_dataset/real/real_0048.jpg,0,AI_GENERATED,0.85,1,"피부와 머리카락의 질감이 매우 완벽하게 처리되어 있어, 실제 촬영보다는 고도로 정제된 AI 생성 또는 포토샵 보정의 느낌이 강합니다.",28.57,
/Users/woochul/github/Last_Project_test/data/test_dataset/real/real_0049.jpg,0,REAL,0.95,0,"피부, 머리카락, 의류의 질감이 매우 자연스러우며, 배경의 아웃포커싱(bokeh) 처리와 조명 처리가 전문적인 사진 촬영의 특징을 보임.",23.56,
/Users/woochul/github/Last_Project_test/data/test_dataset/real/real_0050.jpg,0,REAL,0.92,0,"조명, 배경의 자연스러운 보케 효과, 그리고 피부와 머리카락의 질감이 과도하게 균일하지 않고 실제 사진의 특성을 잘 보여줍니다.",23.24,
/Users/woochul/github/Last_Project_test/data/test_dataset/real/real_0051.jpg,0,AI_GENERATED,0.9,1,피부 텍스처가 과도하게 매끄럽고 완벽하여 실제 인물 사진에서 보기 어려운 비현실적인 균일함이 느껴집니다.,24.07,
/Users/woochul/github/Last_Project_test/data/test_dataset/real/real_0052.jpg,0,AI_GENERATED,0.9,1,피부 텍스처가 지나치게 균일하고 완벽하여 실제 인물 사진에서 보기 어려운 이상적인 질감을 보여줍니다.,26.93,
/Users/woochul/github/Last_Project_test/data/test_dataset/real/real_0053.jpg,0,REAL,0.92,0,"조명, 피부 질감, 배경 흐림 등 모든 요소가 전문적인 사진 촬영의 특징을 보이며, AI 생성 특유의 인공적인 오류가 관찰되지 않습니다.",24.03,
/Users/woochul/github/Last_Project_test/data/test_dataset/real/real_0054.jpg,0,REAL,0.75,0,"피부와 옷의 질감이 비교적 자연스럽고, AI 생성 특유의 과도한 매끄러움이나 해부학적 오류가 눈에 띄지 않습니다.",33.72,
/Users/woochul/github/Last_Project_test/data/test_dataset/real/real_0055.jpg,0,REAL,0.92,0,"피부 질감, 조명, 배경 흐림 효과 등이 전문적인 사진 촬영의 특징을 보이며, AI 생성 특유의 부자연스러운 아티팩트가 관찰되지 않습니다.",23.8,
/Users/woochul/github/Last_Project_test/data/test_dataset/real/real_0056.jpg,0,REAL,0.95,0,"피부와 머리카락의 질감이 자연스럽고, 조명과 그림자 방향에 큰 불일치가 없으며, 해부학적 오류가 관찰되지 않아 실제 촬영 사진으로 판단됩니다.",23.01,
/Users/woochul/github/Last_Project_test/data/test_dataset/real/real_0057.jpg,0,REAL,0.95,0,"피부, 손가락, 배경의 디테일과 조명 및 그림자 처리가 매우 자연스러우며, AI 생성 특유의 비현실적인 오류나 과도한 균일함이 관찰되지 않습니다.",24.4,
/Users/woochul/github/Last_Project_test/data/test_dataset/real/real_0058.jpg,0,REAL,0.92,0,"조명, 피부 질감, 그리고 배경의 자연스러운 보케(bokeh) 효과가 실제 사진의 특성을 잘 보여줍니다.",25.05,
/Users/woochul/github/Last_Project_test/data/test_dataset/real/real_0059.jpg,0,REAL,0.85,0,"피부, 머리카락, 배경의 질감이 자연스럽고 조명과 그림자 방향에 큰 불일치가 없어 실제 촬영된 사진으로 판단됩니다.",26.99,
/Users/woochul/github/Last_Project_test/data/test_dataset/real/real_0060.jpg,0,REAL,0.9,0,"조명과 그림자가 일관적이며, 피부와 머리카락의 질감이 자연스러워 실제 촬영물로 판단됩니다.",24.08,
/Users/woochul/github/Last_Project_test/data/test_dataset/real/real_0061.jpg,0,REAL,0.85,0,"조명, 머리카락의 디테일, 배경의 질감이 자연스럽고 일관성이 높아 AI 생성의 명확한 흔적이 보이지 않습니다.",25.88,
/Users/woochul/github/Last_Project_test/data/test_dataset/real/real_0062.jpg,0,REAL,0.92,0,"피부와 머리카락의 질감, 자연스러운 조명과 깊이감(bokeh)이 전문적인 사진 촬영의 특징을 보입니다.",21.81,
/Users/woochul/github/Last_Project_test/data/test_dataset/real/real_0063.jpg,0,AI_GENERATED,0.85,1,"피부와 전반적인 조명이 매우 완벽하게 처리되어 있어, 실제 사진에서 보기 어려운 과도하게 매끄럽고 이상화된 질감을 보입니다.",34.17,
/Users/woochul/github/Last_Project_test/data/test_dataset/real/real_0064.jpg,0,REAL,0.85,0,"피부와 배경의 조명 및 그림자 처리가 일관적이며, AI 생성 특유의 명확한 해부학적 또는 텍스처적 오류가 관찰되지 않습니다.",24.58,
/Users/woochul/github/Last_Project_test/data/test_dataset/real/real_0065.jpg,0,REAL,0.92,0,"조명과 배경 흐림(보케)이 자연스럽고, 인공적인 오류나 과도한 질감의 비현실성이 발견되지 않았습니다.",22.56,
/Users/woochul/github/Last_Project_test/data/test_dataset/real/real_0066.jpg,0,REAL,0.75,0,"해부학적 구조나 텍스처에서 AI 생성 특유의 명확한 오류(손가락, 패턴 등)가 발견되지 않아 실제 사진으로 판단됩니다.",27.2,
/Users/woochul/github/Last_Project_test/data/test_dataset/real/real_0067.jpg,0,AI_GENERATED,0.9,1,"피부와 머리카락의 질감이 지나치게 완벽하고 균일하며, 전반적으로 과도하게 매끄러운 '이상화된' 느낌이 AI 생성의 특징을 보입니다.",23.73,
/Users/woochul/github/Last_Project_test/data/test_dataset/real/real_0068.jpg,0,REAL,0.95,0,"피부와 머리카락의 질감이 매우 자연스럽고, 조명과 그림자 처리가 전문적인 스튜디오 촬영의 특징을 보입니다.",20.86,
/Users/woochul/github/Last_Project_test/data/test_dataset/real/real_0069.jpg,0,REAL,0.95,0,"피부 질감, 조명, 배경 흐림(bokeh) 등이 실제 사진에서 관찰되는 자연스러운 특성을 보이며, AI 생성 특유의 인공적인 오류가 발견되지 않았습니다.",20.96,
/Users/woochul/github/Last_Project_test/data/test_dataset/real/real_0070.jpg,0,REAL,0.92,0,"피부와 배경의 질감이 자연스럽고, 조명과 그림자 처리가 일관적이며, AI 생성 특유의 인공적인 아티팩트가 관찰되지 않습니다.",23.03,
/Users/woochul/github/Last_Project_test/data/test_dataset/real/real_0071.jpg,0,REAL,0.85,0,"피부, 머리카락, 배경의 질감과 조명 처리가 자연스럽고, AI 생성물에서 흔히 보이는 명확한 해부학적 오류나 과도한 균일함이 관찰되지 않습니다.",24.22,
/Users/woochul/github/Last_Project_test/data/test_dataset/real/real_0072.jpg,0,AI_GENERATED,0.9,1,"피부 텍스처가 과도하게 매끄럽고 균일하며, 전반적으로 사진이 지나치게 완벽하게 보정된 인위적인 느낌을 줍니다.",25.09,
/Users/woochul/github/Last_Project_test/data/test_dataset/real/real_0073.jpg,0,REAL,0.9,0,"피부와 얼굴의 질감, 그리고 전반적인 구도가 실제 사진의 특징을 강하게 보여주며, AI 특유의 부자연스러운 오류가 관찰되지 않습니다.",24.35,
/Users/woochul/github/Last_Project_test/data/test_dataset/real/real_0074.jpg,0,REAL,0.85,0,"전문적인 보정 사진으로, 배경과 인물의 조명 및 구도가 자연스럽게 일치하며, 인공적인 오류가 발견되지 않습니다.",24.85,
/Users/woochul/github/Last_Project_test/data/test_dataset/real/real_0075.jpg,0,REAL,0.85,0,"피부, 머리카락, 의상의 질감이 자연스럽고, 조명과 배경 처리가 전문적인 사진처럼 일관적입니다.",24.3,
/Users/woochul/github/Last_Project_test/data/test_dataset/real/real_0076.jpg,0,REAL,0.95,0,"피부 톤과 조명, 배경의 흐림 처리가 매우 자연스러우며, AI 생성 특유의 인공적인 질감이나 해부학적 오류가 관찰되지 않습니다.",22.49,
/Users/woochul/github/Last_Project_test/data/test_dataset/real/real_0077.jpg,0,REAL,0.92,0,"조명, 피부 질감, 배경의 깊이감이 자연스러워 실제 촬영 사진으로 판단됩니다.",21.12,
/Users/woochul/github/Last_Project_test/data/test_dataset/real/real_0078.jpg,0,REAL,0.92,0,"피부와 머리카락의 질감이 자연스럽고, 배경의 흐림 효과와 조명이 실제 사진 촬영의 특징을 보입니다.",23.34,
/Users/woochul/github/Last_Project_test/data/test_dataset/real/real_0079.jpg,0,AI_GENERATED,0.85,1,조명과 피부 톤의 완벽한 통제와 부자연스러운 매끄러움이 AI 생성의 특징을 보입니다.,27.51,
/Users/woochul/github/Last_Project_test/data/test_dataset/real/real_0080.jpg,0,REAL,0.92,0,"피부, 머리카락, 배경의 질감과 조명이 매우 자연스럽고, AI 생성물에서 흔히 보이는 과도한 균일함이나 비현실적인 아티팩트가 관찰되지 않습니다.",24.34,
/Users/woochul/github/Last_Project_test/data/test_dataset/real/real_0081.jpg,0,REAL,0.85,0,"조명, 배경(차량 내부), 피부 및 머리카락의 질감이 자연스럽고 일관성이 있어 실제 사진으로 판단됩니다.",24.05,
/Users/woochul/github/Last_Project_test/data/test_dataset/real/real_0082.jpg,0,AI_GENERATED,0.85,1,"피부와 머리카락의 질감이 지나치게 매끄럽고 균일하며, 전반적으로 과도하게 보정된 듯한 인공적인 느낌이 강합니다.",23.09,
/Users/woochul/github/Last_Project_test/data/test_dataset/real/real_0083.jpg,0,REAL,0.92,0,"피부 질감, 조명, 배경의 흐림 효과(bokeh)가 자연스럽고, AI 생성 특유의 부자연스러운 아티팩트가 관찰되지 않습니다.",22.87,
/Users/woochul/github/Last_Project_test/data/test_dataset/real/real_0084.jpg,0,REAL,0.92,0,"피부, 머리카락, 수염의 질감이 자연스럽고 조명과 그림자가 일관되어 실제 사진처럼 보입니다.",22.83,
/Users/woochul/github/Last_Project_test/data/test_dataset/real/real_0085.jpg,0,REAL,0.9,0,"피부, 의상, 배경의 흐림(bokeh) 처리 등 모든 요소가 전문적인 사진 촬영 기법과 일관성을 보여주며, AI 생성 특유의 인공적인 질감이나 오류가 관찰되지 않습니다.",24.41,
/Users/woochul/github/Last_Project_test/data/test_dataset/real/real_0086.jpg,0,REAL,0.8,0,"배경의 자연스러운 보케 효과와 피부 및 머리카락의 질감이 전반적으로 현실적이며, 조명과 그림자의 방향이 일관됩니다.",27.14,
/Users/woochul/github/Last_Project_test/data/test_dataset/real/real_0087.jpg,0,REAL,0.92,0,"피부와 배경의 질감, 조명 및 그림자가 현실적인 사진의 특성을 보이며, AI 생성 특유의 명확한 오류가 관찰되지 않습니다.",20.6,
/Users/woochul/github/Last_Project_test/data/test_dataset/real/real_0088.jpg,0,REAL,0.92,0,자연스러운 배경 흐림(보케)과 일관된 조명 및 피부 질감이 실제 사진의 특징을 보입니다.,24.11,
/Users/woochul/github/Last_Project_test/data/test_dataset/real/real_0089.jpg,0,REAL,0.92,0,"조명, 배경 흐림(보케), 피부 질감 등이 전문적인 사진 촬영의 특징을 보이며, AI 생성 특유의 명확한 오류가 관찰되지 않습니다.",24.7,
/Users/woochul/github/Last_Project_test/data/test_dataset/real/real_0090.jpg,0,AI_GENERATED,0.9,1,"피부와 머리카락의 질감이 지나치게 완벽하고 균일하며, 미세한 자연스러운 결함이 관찰되지 않습니다.",24.35,
/Users/woochul/github/Last_Project_test/data/test_dataset/real/real_0091.jpg,0,REAL,0.9,0,"전반적인 피부와 의상의 질감이 자연스럽고, 조명과 그림자 처리가 전문적인 사진처럼 일관적입니다.",29.01,
/Users/woochul/github/Last_Project_test/data/test_dataset/real/real_0092.jpg,0,REAL,0.85,0,"전반적인 피부와 해부학적 구조가 자연스러우며, AI 생성 특유의 명확한 오류가 관찰되지 않습니다.",22.11,
/Users/woochul/github/Last_Project_test/data/test_dataset/real/real_0093.jpg,0,AI_GENERATED,0.8,1,전반적인 피부와 배경의 디테일이 지나치게 완벽하고 매끄러워 실제 사진보다는 AI의 고화질 렌더링에 가깝습니다.,27.34,
/Users/woochul/github/Last_Project_test/data/test_dataset/real/real_0094.jpg,0,REAL,0.95,0,"피부, 머리카락, 배경의 보케(bokeh) 효과가 매우 자연스럽고, 조명과 그림자 처리가 현실적입니다.",21.97,
/Users/woochul/github/Last_Project_test/data/test_dataset/real/real_0095.jpg,0,REAL,0.9,0,"조명, 피부 질감, 그리고 전반적인 구성이 전문적인 사진 촬영의 특징을 보이며, AI 생성 특유의 명확한 오류나 과도한 균일함이 관찰되지 않습니다.",25.09,
/Users/woochul/github/Last_Project_test/data/test_dataset/real/real_0096.jpg,0,REAL,0.92,0,"피부와 털의 질감이 매우 자연스럽고, 조명과 배경 흐림(bokeh) 처리가 전문적인 사진 촬영 기법을 따르고 있습니다.",23.1,
/Users/woochul/github/Last_Project_test/data/test_dataset/real/real_0097.jpg,0,REAL,0.9,0,"조명과 그림자 처리가 자연스럽고, 피부 텍스처나 배경에 AI 생성 특유의 명백한 오류나 과도한 균일함이 관찰되지 않아 실제 촬영된 사진으로 판단됩니다.",24.59,
/Users/woochul/github/Last_Project_test/data/test_dataset/real/real_0098.jpg,0,REAL,0.78,0,"전반적인 조명과 해부학적 구조가 자연스러우며, AI 생성 특유의 명확한 아티팩트(artifact)가 관찰되지 않습니다.",25.89,
/Users/woochul/github/Last_Project_test/data/test_dataset/real/real_0099.jpg,0,AI_GENERATED,0.85,1,피부 텍스처가 과도하게 매끄럽고 결점 없이 완벽하여 AI 필터링 또는 생성의 특징을 보입니다.,24.22,
/Users/woochul/github/Last_Project_test/data/test_dataset/real/real_0100.jpg,0,REAL,0.85,0,"조명, 배경의 자연스러운 보케 효과, 그리고 피부 및 의상의 질감이 전문적인 사진 촬영의 특징을 강하게 보여줍니다.",24.91,
/Users/woochul/github/Last_Project_test/data/test_dataset/real/real_0101.jpg,0,AI_GENERATED,0.9,1,"피부 톤과 질감이 과도하게 매끄럽고 균일하며, 전반적으로 '에어브러시' 처리된 듯한 인위적인 느낌이 강합니다.",25.82,
/Users/woochul/github/Last_Project_test/data/test_dataset/real/real_0102.jpg,0,REAL,0.9,0,"조명, 배경의 자연스러운 보케(bokeh) 효과, 그리고 피부와 머리카락의 질감이 전문적인 사진 촬영의 특징을 강하게 보여줍니다.",23.83,
/Users/woochul/github/Last_Project_test/data/test_dataset/real/real_0103.jpg,0,REAL,0.85,0,"자연스러운 조명과 복잡한 머리카락 질감, 그리고 해부학적 오류가 관찰되지 않아 실제 사진으로 판단됩니다.",23.63,
/Users/woochul/github/Last_Project_test/data/test_dataset/real/real_0104.jpg,0,REAL,0.85,0,"피부와 머리카락의 질감, 그리고 조명과 그림자의 방향이 전반적으로 일관성이 있어 전문적인 사진 촬영 및 보정의 결과물로 판단됩니다.",22.69,
/Users/woochul/github/Last_Project_test/data/test_dataset/real/real_0105.jpg,0,REAL,0.85,0,"피부와 머리카락의 질감이 자연스러우며, AI 생성 특유의 과도한 매끄러움이나 해부학적 오류가 관찰되지 않습니다.",23.38,
/Users/woochul/github/Last_Project_test/data/test_dataset/real/real_0106.jpg,0,REAL,0.95,0,"피부 텍스처, 조명과 그림자의 방향성이 자연스럽고, 배경의 보케(bokeh) 효과가 실제 촬영 환경의 깊이감을 잘 표현하고 있어 AI 생성 특유의 부자연스러움이 관찰되지 않습니다.",23.2,
/Users/woochul/github/Last_Project_test/data/test_dataset/real/real_0107.jpg,0,REAL,0.92,0,"피부, 머리카락, 배경의 흐림(bokeh) 처리가 매우 자연스러우며, AI 생성물에서 흔히 보이는 과도한 균일함이나 해부학적 오류가 관찰되지 않습니다.",21.5,
/Users/woochul/github/Last_Project_test/data/test_dataset/real/real_0108.jpg,0,REAL,0.92,0,"조명, 피부 및 수염의 질감이 자연스러우며, 배경의 흐림(bokeh) 처리가 전문적인 사진 촬영 기법을 따르고 있어 AI 생성의 인공적인 느낌이 적습니다.",25.61,
/Users/woochul/github/Last_Project_test/data/test_dataset/real/real_0109.jpg,0,REAL,0.92,0,"피부와 머리카락의 질감, 그리고 조명과 그림자의 방향성이 자연스럽고 일관성이 높아 실제 촬영된 사진으로 판단됩니다.",22.98,
/Users/woochul/github/Last_Project_test/data/test_dataset/real/real_0110.jpg,0,REAL,0.92,0,"피부, 머리카락, 배경의 조명과 질감이 자연스럽고, AI 생성 특유의 인공적인 오류나 과도한 매끄러움이 관찰되지 않습니다.",25.94,
/Users/woochul/github/Last_Project_test/data/test_dataset/real/real_0111.jpg,0,REAL,0.9,0,"피부와 얼굴 구조가 자연스러우며, 배경의 흐림(bokeh)과 조명 처리가 전문적인 사진 촬영 기법과 일치합니다.",22.04,
/Users/woochul/github/Last_Project_test/data/test_dataset/real/real_0112.jpg,0,REAL,0.92,0,"피부와 머리카락의 질감이 자연스럽고, 조명과 그림자 방향에 큰 불일치가 관찰되지 않아 실제 촬영 사진일 가능성이 높습니다.",22.79,
/Users/woochul/github/Last_Project_test/data/test_dataset/real/real_0113.jpg,0,REAL,0.92,0,"피부, 배경, 조명 등 전반적인 요소들이 자연스럽고 일관성이 있어 실제 촬영된 사진으로 판단됩니다.",21.43,
/Users/woochul/github/Last_Project_test/data/test_dataset/real/real_0114.jpg,0,REAL,0.85,0,"피부 질감, 조명, 해부학적 구조가 자연스럽고, AI 생성 특유의 과도한 매끄러움이나 오류가 관찰되지 않습니다.",27.01,
/Users/woochul/github/Last_Project_test/data/test_dataset/real/real_0115.jpg,0,REAL,0.9,0,"피부와 머리카락의 질감이 자연스러우며, 해부학적 오류나 AI 생성 특유의 과도한 매끄러움이 관찰되지 않습니다.",21.88,
/Users/woochul/github/Last_Project_test/data/test_dataset/real/real_0116.jpg,0,REAL,0.85,0,"피부, 배경, 조명 등에서 AI 생성 특유의 과도한 균일함이나 해부학적 오류가 발견되지 않아 실제 촬영된 사진으로 판단됩니다.",26.6,
/Users/woochul/github/Last_Project_test/data/test_dataset/real/real_0117.jpg,0,REAL,0.9,0,"조명, 배경의 자연스러운 보케 효과, 그리고 피부와 머리카락의 질감이 매우 사실적이며 전문적인 사진 촬영의 특징을 보입니다.",24.37,
/Users/woochul/github/Last_Project_test/data/test_dataset/real/real_0118.jpg,0,AI_GENERATED,0.85,1,"피부와 머리카락의 질감이 지나치게 매끄럽고 완벽하여 인위적인 느낌을 주며, 전반적인 톤이 과도하게 균일합니다.",27.56,
/Users/woochul/github/Last_Project_test/data/test_dataset/real/real_0119.jpg,0,REAL,0.95,0,"피부 텍스처, 자연스러운 조명과 그림자, 그리고 손가락의 해부학적 구조가 매우 현실적이며 AI 생성 특유의 오류가 관찰되지 않습니다.",22.99,
/Users/woochul/github/Last_Project_test/data/test_dataset/real/real_0120.jpg,0,REAL,0.95,0,"피부, 머리카락, 조명 및 그림자가 자연스럽고, 배경의 흐림(bokeh) 효과가 전문적인 사진 촬영 기법을 따르고 있어 AI 생성의 특징이 발견되지 않습니다.",23.44,
/Users/woochul/github/Last_Project_test/data/test_dataset/real/real_0121.jpg,0,REAL,0.92,0,"배경의 벽돌 질감과 자연스러운 조명, 그리고 피부와 머리카락의 디테일이 매우 현실적이며, AI 생성 특유의 부자연스러운 패턴이나 오류가 관찰되지 않습니다.",29.18,
/Users/woochul/github/Last_Project_test/data/test_dataset/real/real_0122.jpg,0,AI_GENERATED,0.85,1,피부와 머리카락의 질감이 지나치게 완벽하고 균일하여 실제 사진에서 보기 어려운 인공적인 느낌을 줍니다.,27.65,
/Users/woochul/github/Last_Project_test/data/test_dataset/real/real_0123.jpg,0,REAL,0.92,0,"조명, 피부 질감, 그리고 전반적인 구도가 전문적인 스튜디오 촬영 사진의 특징을 강하게 보여주며, AI 생성 특유의 오류나 과도한 균일함이 관찰되지 않습니다.",25.21,
/Users/woochul/github/Last_Project_test/data/test_dataset/real/real_0124.jpg,0,AI_GENERATED,0.85,1,피부와 머리카락의 질감이 과도하게 균일하고 매끄러워 인위적인 느낌이 강합니다.,26.12,
/Users/woochul/github/Last_Project_test/data/test_dataset/real/real_0125.jpg,0,REAL,0.95,0,"조명, 피부 및 의상의 질감, 해부학적 구조가 매우 자연스럽고 전문적인 사진 촬영의 특징을 보이며, AI 생성 특유의 오류나 과도한 균일함이 관찰되지 않습니다.",25.09,
/Users/woochul/github/Last_Project_test/data/test_dataset/real/real_0126.jpg,0,AI_GENERATED,0.85,1,"피부와 머리카락의 질감이 지나치게 완벽하고 균일하여, 실제 사진에서 보기 어려운 인공적인 매끄러움이 느껴집니다.",25.52,
/Users/woochul/github/Last_Project_test/data/test_dataset/real/real_0127.jpg,0,REAL,0.95,0,"피부 텍스처, 조명 및 그림자 처리가 자연스러우며, AI 생성물에서 흔히 보이는 해부학적 오류나 과도한 균일함이 관찰되지 않습니다.",22.81,
/Users/woochul/github/Last_Project_test/data/test_dataset/real/real_0128.jpg,0,REAL,0.92,0,"자연스러운 배경 흐림(bokeh) 효과, 일관된 조명과 그림자, 그리고 옷감의 주름 등 전반적인 질감이 실제 사진의 특징을 강하게 보여줍니다.",22.2,
/Users/woochul/github/Last_Project_test/data/test_dataset/real/real_0129.jpg,0,REAL,0.92,0,"피부, 머리카락, 배경의 질감과 조명이 자연스럽고, AI 생성 특유의 오류나 과도한 매끄러움이 관찰되지 않습니다.",23.52,
/Users/woochul/github/Last_Project_test/data/test_dataset/real/real_0130.jpg,0,AI_GENERATED,0.9,1,"피부 텍스처가 지나치게 매끄럽고 균일하며, 전반적으로 과도하게 완벽하게 보정된 인위적인 느낌이 강합니다.",24.83,
/Users/woochul/github/Last_Project_test/data/test_dataset/real/real_0131.jpg,0,REAL,0.92,0,"피부, 머리카락, 옷감의 질감이 매우 자연스럽고, 조명과 그림자의 방향성이 일관되어 전문적인 사진으로 판단됩니다.",19.77,
/Users/woochul/github/Last_Project_test/data/test_dataset/real/real_0132.jpg,0,AI_GENERATED,0.9,1,"피부와 머리카락의 질감이 지나치게 완벽하고 균일하며, 전반적으로 과도하게 매끄러운 느낌을 줍니다.",23.54,
/Users/woochul/github/Last_Project_test/data/test_dataset/real/real_0133.jpg,0,REAL,0.92,0,"피부, 머리카락, 옷의 질감이 자연스럽고, 배경의 아웃포커싱(bokeh)과 조명 처리가 현실적입니다.",22.77,
/Users/woochul/github/Last_Project_test/data/test_dataset/real/real_0134.jpg,0,AI_GENERATED,0.9,1,"피부와 머리카락의 질감이 지나치게 완벽하고 균일하며, 전반적인 표현이 과도하게 매끄럽습니다.",25.64,
/Users/woochul/github/Last_Project_test/data/test_dataset/real/real_0135.jpg,0,AI_GENERATED,0.92,1,피부와 머리카락의 질감이 지나치게 완벽하고 매끄러워 실제 사진에서 보기 어려운 이상적인 느낌을 줍니다.,22.54,
/Users/woochul/github/Last_Project_test/data/test_dataset/real/real_0136.jpg,0,REAL,0.92,0,"피부와 머리카락의 질감이 자연스럽고, 조명과 배경의 상호작용이 현실적입니다.",24.57,
/Users/woochul/github/Last_Project_test/data/test_dataset/real/real_0137.jpg,0,REAL,0.9,0,"피부와 머리카락의 텍스처가 자연스러운 깊이와 변화를 보여주며, 조명과 그림자 처리가 현실적입니다.",20.94,
/Users/woochul/github/Last_Project_test/data/test_dataset/real/real_0138.jpg,0,AI_GENERATED,0.85,1,"피부와 머리카락의 질감이 지나치게 완벽하고 균일하며, 전반적으로 포토샵을 거친 듯한 비현실적인 매끄러움이 느껴집니다.",23.81,
/Users/woochul/github/Last_Project_test/data/test_dataset/real/real_0139.jpg,0,REAL,0.92,0,"피부, 머리카락, 조명 및 그림자가 자연스럽고, AI 생성물에서 흔히 보이는 과도한 매끄러움이나 해부학적 오류가 관찰되지 않습니다.",23.71,
/Users/woochul/github/Last_Project_test/data/test_dataset/real/real_0140.jpg,0,REAL,0.95,0,"피부 질감, 조명, 배경의 디테일이 자연스럽고 전문적인 사진 촬영의 특징을 보임.",24.09,
/Users/woochul/github/Last_Project_test/data/test_dataset/real/real_0141.jpg,0,REAL,0.9,0,"피부, 옷감, 배경의 흐림 효과(bokeh)가 자연스럽고, 조명과 그림자 처리가 일관되어 전문적인 사진 촬영물로 판단됩니다.",22.13,
/Users/woochul/github/Last_Project_test/data/test_dataset/real/real_0142.jpg,0,REAL,0.92,0,"머리카락과 피부의 질감 변화가 자연스럽고, 조명과 그림자 처리가 일관되어 실제 촬영 사진의 특징을 보입니다.",24.28,
/Users/woochul/github/Last_Project_test/data/test_dataset/real/real_0143.jpg,0,REAL,0.95,0,"피부, 머리카락, 의상의 질감과 조명 및 그림자의 방향이 자연스럽게 일치하여 실제 촬영된 사진의 특징을 보입니다.",22.3,
/Users/woochul/github/Last_Project_test/data/test_dataset/real/real_0144.jpg,0,REAL,0.9,0,"조명, 피부 질감, 그리고 전반적인 구도가 전문적인 사진 촬영의 특징을 보이며, AI 생성 특유의 명확한 오류가 관찰되지 않습니다.",22.01,
/Users/woochul/github/Last_Project_test/data/test_dataset/real/real_0145.jpg,0,AI_GENERATED,0.9,1,피부와 머리카락의 질감이 지나치게 균일하고 매끄러워 실제 사람의 자연스러운 피부 결이나 모공이 관찰되지 않습니다.,25.87,
/Users/woochul/github/Last_Project_test/data/test_dataset/real/real_0146.jpg,0,REAL,0.85,0,"전반적인 인물 구조와 표정이 자연스러우며, AI 특유의 명백한 해부학적 오류나 과도한 균일함이 관찰되지 않습니다.",25.33,
/Users/woochul/github/Last_Project_test/data/test_dataset/real/real_0147.jpg,0,REAL,0.92,0,"조명, 피부 질감, 그리고 전반적인 구도가 전문적인 사진 촬영의 특징을 보이며, AI 생성 특유의 오류가 관찰되지 않습니다.",25.18,
/Users/woochul/github/Last_Project_test/data/test_dataset/real/real_0148.jpg,0,REAL,0.92,0,"피부, 머리카락, 배경의 질감과 조명이 자연스럽고 일관성이 있어 실제 촬영된 사진의 특징을 보입니다.",21.71,
/Users/woochul/github/Last_Project_test/data/test_dataset/real/real_0149.jpg,0,REAL,0.95,0,"피부 톤과 옷감의 질감이 매우 자연스러우며, 조명과 배경의 흐림(bokeh) 처리가 전문적인 사진 촬영의 특징을 보입니다.",22.69,
/Users/woochul/github/Last_Project_test/data/test_dataset/real/real_0150.jpg,0,REAL,0.92,0,"조명, 피부 질감, 배경의 흐림(bokeh) 처리가 매우 자연스러우며, AI 생성 특유의 부자연스러운 아티팩트가 관찰되지 않습니다.",22.06,
/Users/woochul/github/Last_Project_test/data/test_dataset/real/real_0151.jpg,0,REAL,0.85,0,"해부학적 구조와 조명, 피부 질감이 전문적인 스튜디오 촬영의 특징을 보이며, AI 특유의 명확한 오류가 관찰되지 않습니다.",25.76,
/Users/woochul/github/Last_Project_test/data/test_dataset/real/real_0152.jpg,0,AI_GENERATED,0.9,1,"피부와 머리카락의 질감이 지나치게 완벽하고 균일하며, 전반적인 느낌이 과도하게 매끄럽게 처리된 인공적인 느낌을 줍니다.",24.33,
/Users/woochul/github/Last_Project_test/data/test_dataset/real/real_0153.jpg,0,REAL,0.85,0,"조명, 배경, 그리고 전반적인 질감이 실제 사진의 특성을 잘 보여주며, AI 생성 특유의 명확한 오류가 관찰되지 않습니다.",23.47,
/Users/woochul/github/Last_Project_test/data/test_dataset/real/real_0154.jpg,0,REAL,0.92,0,"전반적인 조명, 배경의 흐림 효과, 그리고 복잡한 머리카락과 피부 질감이 전문적인 실제 사진의 특징을 보입니다.",23.96,
/Users/woochul/github/Last_Project_test/data/test_dataset/real/real_0155.jpg,0,REAL,0.9,0,"피부 텍스처, 자연스러운 보케 배경, 그리고 일관된 조명과 그림자가 실제 사진의 특징을 보여줍니다.",21.4,
/Users/woochul/github/Last_Project_test/data/test_dataset/real/real_0156.jpg,0,AI_GENERATED,0.9,1,피부와 머리카락의 질감이 지나치게 완벽하고 균일하여 실제 사진에서 보기 어려운 비현실적인 매끄러움이 느껴집니다.,20.68,
/Users/woochul/github/Last_Project_test/data/test_dataset/real/real_0157.jpg,0,AI_GENERATED,0.8,1,피부와 머리카락의 질감이 지나치게 매끄럽고 완벽하게 보정되어 있어 AI 생성 또는 과도한 보정의 특징을 보입니다.,22.84,
/Users/woochul/github/Last_Project_test/data/test_dataset/real/real_0158.jpg,0,REAL,0.85,0,"피부, 머리카락, 조명 및 그림자 처리가 매우 자연스럽고 일관성이 있어 AI 생성 특유의 부자연스러운 오류가 관찰되지 않습니다.",23.55,
/Users/woochul/github/Last_Project_test/data/test_dataset/real/real_0159.jpg,0,REAL,0.92,0,"피부, 머리카락, 배경의 흐림 효과(bokeh) 등 전반적인 질감과 조명이 자연스럽고, AI 생성 특유의 인공적인 오류나 과도한 매끄러움이 관찰되지 않습니다.",28.83,
/Users/woochul/github/Last_Project_test/data/test_dataset/real/real_0160.jpg,0,REAL,0.95,0,"피부, 머리카락, 옷감의 질감이 자연스럽고, 조명과 배경 처리(보케)가 전문적인 사진 촬영의 특징을 보임.",21.63,
/Users/woochul/github/Last_Project_test/data/test_dataset/real/real_0161.jpg,0,REAL,0.92,0,"피부, 머리카락, 배경의 질감과 조명이 자연스럽고 일관성이 높아 실제 촬영 사진으로 판단됩니다.",21.52,
/Users/woochul/github/Last_Project_test/data/test_dataset/real/real_0162.jpg,0,REAL,0.92,0,"배경의 자연스러운 보케 효과와 일관된 조명, 그리고 피부 및 머리카락의 질감이 실제 사진 촬영의 특징을 강하게 보여줍니다.",22.38,
/Users/woochul/github/Last_Project_test/data/test_dataset/real/real_0163.jpg,0,REAL,0.9,0,"피부와 머리카락의 질감이 자연스럽고, 조명과 배경의 흐림 효과가 전문적인 사진 촬영의 특징을 보입니다.",24.15,
/Users/woochul/github/Last_Project_test/data/test_dataset/real/real_0164.jpg,0,REAL,0.92,0,"피부 질감, 조명과 그림자의 방향이 자연스럽고, 배경의 흐림 효과(bokeh)가 현실적입니다.",21.15,
/Users/woochul/github/Last_Project_test/data/test_dataset/real/real_0165.jpg,0,REAL,0.9,0,"조명, 피부 질감, 해부학적 구조가 전문적인 사진 촬영 및 보정의 특징을 보이며, AI 생성 특유의 오류가 발견되지 않습니다.",25.73,
/Users/woochul/github/Last_Project_test/data/test_dataset/real/real_0166.jpg,0,REAL,0.92,0,"피부, 조명, 해부학적 구조가 전반적으로 자연스러우며, AI 생성 특유의 과도한 균일함이나 오류가 관찰되지 않습니다.",22.4,
/Users/woochul/github/Last_Project_test/data/test_dataset/real/real_0167.jpg,0,REAL,0.92,0,"피부, 머리카락, 조명 및 그림자가 자연스럽고, AI 생성물에서 흔히 보이는 해부학적 오류나 과도한 균일함이 관찰되지 않습니다.",24.59,
/Users/woochul/github/Last_Project_test/data/test_dataset/real/real_0168.jpg,0,REAL,0.85,0,"조명과 그림자, 피부 질감 등이 일관적이고 자연스러워 실제 촬영 사진으로 판단됩니다.",24.04,
/Users/woochul/github/Last_Project_test/data/test_dataset/real/real_0169.jpg,0,AI_GENERATED,0.9,1,"피부와 머리카락의 질감이 지나치게 완벽하고 균일하며, 전반적으로 과도하게 매끄러운 '플라스틱' 같은 느낌이 강합니다.",22.68,
/Users/woochul/github/Last_Project_test/data/test_dataset/real/real_0170.jpg,0,AI_GENERATED,0.8,1,피부 톤과 텍스처가 지나치게 균일하고 매끄러워 자연스러운 피부 결이 부족합니다.,25.34,
/Users/woochul/github/Last_Project_test/data/test_dataset/real/real_0171.jpg,0,REAL,0.85,0,"피부와 조명, 전반적인 구도가 전문적인 사진 촬영의 특징을 보이며, AI 생성 특유의 명확한 오류가 관찰되지 않습니다.",23.87,
/Users/woochul/github/Last_Project_test/data/test_dataset/real/real_0172.jpg,0,REAL,0.9,0,"피부, 옷감, 전반적인 조명과 질감이 실제 사진에서 볼 수 있는 자연스러운 특성을 보이며, AI 생성 특유의 명확한 오류나 과도한 균일함이 관찰되지 않습니다.",21.58,
/Users/woochul/github/Last_Project_test/data/test_dataset/real/real_0173.jpg,0,REAL,0.85,0,"피부와 얼굴의 질감이 자연스러우며, AI 생성물에서 흔히 보이는 과도한 매끄러움이나 해부학적 오류가 관찰되지 않습니다.",23.7,
/Users/woochul/github/Last_Project_test/data/test_dataset/real/real_0174.jpg,0,AI_GENERATED,0.9,1,"피부와 머리카락의 질감이 지나치게 완벽하고 균일하며, 실제 사진에서 보기 어려운 과도하게 매끄러운 '만들어진' 느낌이 강합니다.",25.8,
/Users/woochul/github/Last_Project_test/data/test_dataset/real/real_0175.jpg,0,REAL,0.92,0,"전반적인 피부, 머리카락, 배경의 흐림 처리가 실제 카메라로 촬영된 사진의 자연스러운 특성을 보이며, AI 생성 특유의 과도한 매끄러움이나 오류가 관찰되지 않습니다.",24.88,
/Users/woochul/github/Last_Project_test/data/test_dataset/real/real_0176.jpg,0,REAL,0.95,0,"피부, 머리카락, 옷의 질감이 매우 자연스럽고, 조명과 배경의 흐림 효과(bokeh)가 실제 사진 촬영의 특징을 잘 보여줍니다.",24.37,
/Users/woochul/github/Last_Project_test/data/test_dataset/real/real_0177.jpg,0,REAL,0.85,0,"피부, 머리카락, 옷감의 질감이 자연스럽고, 전반적인 조명과 그림자 처리가 일관적입니다.",24.38,
/Users/woochul/github/Last_Project_test/data/test_dataset/real/real_0178.jpg,0,AI_GENERATED,0.88,1,"피부와 털의 질감이 지나치게 완벽하고 균일하며, 전반적으로 포토샵이나 AI 필터를 거친 듯한 과도하게 매끄러운 느낌이 감지됩니다.",25.75,
/Users/woochul/github/Last_Project_test/data/test_dataset/real/real_0179.jpg,0,AI_GENERATED,0.88,1,"피부와 배경의 질감이 지나치게 완벽하고 균일하며, 전반적으로 인위적인 느낌이 강합니다.",25.34,
/Users/woochul/github/Last_Project_test/data/test_dataset/real/real_0180.jpg,0,AI_GENERATED,0.8,1,피부와 조명이 지나치게 완벽하고 매끄러워 실제 사진에서 보기 어려운 인위적인 느낌이 강함.,29.57,
/Users/woochul/github/Last_Project_test/data/test_dataset/real/real_0181.jpg,0,REAL,0.95,0,"피부, 머리카락, 옷감의 질감이 자연스럽고, 조명과 배경의 흐림 처리가 실제 사진 촬영의 특성을 보임",24.34,
/Users/woochul/github/Last_Project_test/data/test_dataset/real/real_0182.jpg,0,REAL,0.95,0,"피부 텍스처, 자연스러운 조명과 그림자, 그리고 배경의 깊이감(bokeh) 처리가 전문적인 사진 촬영의 특징을 보여주며, AI 생성 특유의 인공적인 오류가 관찰되지 않습니다.",22.62,
/Users/woochul/github/Last_Project_test/data/test_dataset/real/real_0183.jpg,0,AI_GENERATED,0.85,1,피부 톤과 질감이 지나치게 완벽하고 매끄러워 실제 사진보다는 AI의 과도한 보정 또는 생성 특성이 느껴집니다.,27.64,
/Users/woochul/github/Last_Project_test/data/test_dataset/real/real_0184.jpg,0,REAL,0.85,0,"조명, 피부 질감, 그리고 전반적인 구도가 전문적인 스튜디오 촬영 사진의 특징을 보이며, AI 특유의 명확한 오류가 관찰되지 않습니다.",25.6,
/Users/woochul/github/Last_Project_test/data/test_dataset/real/real_0185.jpg,0,REAL,0.9,0,"조명과 그림자의 방향이 일관되며, 피부와 머리카락의 질감이 전문적인 사진 촬영 및 보정의 특징을 보입니다.",22.29,
/Users/woochul/github/Last_Project_test/data/test_dataset/real/real_0186.jpg,0,REAL,0.9,0,"피부, 머리카락, 배경의 질감과 조명, 그림자가 자연스럽고, AI 생성 특유의 과도한 균일함이나 해부학적 오류가 관찰되지 않습니다.",23.79,
/Users/woochul/github/Last_Project_test/data/test_dataset/real/real_0187.jpg,0,REAL,0.92,0,"피부 텍스처, 자연스러운 조명과 그림자, 그리고 해부학적 구조가 매우 자연스러워 실제 사진으로 판단됩니다.",22.16,
/Users/woochul/github/Last_Project_test/data/test_dataset/real/real_0188.jpg,0,REAL,0.85,0,"피부 톤, 머리카락, 배경 흐림 처리 등에서 AI 생성 특유의 과도한 균일함이나 해부학적 오류가 관찰되지 않아 실제 촬영 사진일 가능성이 높습니다.",24.58,
/Users/woochul/github/Last_Project_test/data/test_dataset/real/real_0189.jpg,0,REAL,0.85,0,"피부, 머리카락, 배경의 흐림 효과(bokeh) 등 전반적인 질감과 조명이 실제 사진에서 흔히 볼 수 있는 자연스러운 특징을 보입니다.",23.52,
/Users/woochul/github/Last_Project_test/data/test_dataset/real/real_0190.jpg,0,REAL,0.9,0,"피부와 옷감의 질감, 그리고 조명과 그림자의 방향이 매우 자연스러워 AI 생성 특유의 부자연스러운 패턴이나 과도한 매끄러움이 관찰되지 않습니다.",24.2,
/Users/woochul/github/Last_Project_test/data/test_dataset/real/real_0191.jpg,0,REAL,0.92,0,"조명, 피부 질감, 배경 흐림 효과 등이 전문적인 사진 촬영의 특징을 강하게 보여주며, AI 특유의 부자연스러운 오류가 관찰되지 않습니다.",23.45,
/Users/woochul/github/Last_Project_test/data/test_dataset/real/real_0192.jpg,0,REAL,0.85,0,"피부, 머리카락, 배경의 질감과 조명이 자연스럽고, AI 생성 특유의 명확한 오류가 관찰되지 않습니다.",25.89,
/Users/woochul/github/Last_Project_test/data/test_dataset/real/real_0193.jpg,0,REAL,0.92,0,"피부, 조명, 해부학적 구조가 자연스럽고, 전반적인 디테일에서 AI 생성 특유의 인공적인 오류나 과도한 균일함이 발견되지 않습니다.",24.68,
/Users/woochul/github/Last_Project_test/data/test_dataset/real/real_0194.jpg,0,REAL,0.9,0,"피부와 털의 질감이 매우 자연스럽고, 배경의 보케 효과와 조명 및 그림자 처리가 전문적인 사진 촬영의 특징을 보여줍니다.",21.3,
/Users/woochul/github/Last_Project_test/data/test_dataset/real/real_0195.jpg,0,REAL,0.85,0,"피부와 배경의 질감이 자연스럽고, AI 생성 특유의 명백한 해부학적 오류나 비현실적인 패턴이 관찰되지 않습니다.",26.18,
/Users/woochul/github/Last_Project_test/data/test_dataset/real/real_0196.jpg,0,REAL,0.85,0,"피부, 머리카락, 옷의 질감이 자연스럽고, 조명과 그림자의 방향성도 일관되어 실제 촬영 사진으로 판단됩니다.",24.91,
/Users/woochul/github/Last_Project_test/data/test_dataset/real/real_0197.jpg,0,REAL,0.92,0,"피부 텍스처, 자연스러운 조명과 그림자, 그리고 배경의 자연스러운 보케(bokeh) 효과가 실제 사진의 특징을 강하게 보여줍니다.",22.9,
/Users/woochul/github/Last_Project_test/data/test_dataset/real/real_0198.jpg,0,AI_GENERATED,0.8,1,피부와 머리카락의 텍스처가 지나치게 매끄럽고 균일하여 실제 사진에서 보기 어려운 완벽함을 보입니다.,23.17,
/Users/woochul/github/Last_Project_test/data/test_dataset/real/real_0199.jpg,0,REAL,0.9,0,"피부, 수염, 옷감의 질감이 자연스럽고, 조명과 배경 흐림(bokeh) 처리가 실제 사진에서 볼 수 있는 일관성을 보입니다.",21.46,
/Users/woochul/github/Last_Project_test/data/test_dataset/real/real_0200.jpg,0,REAL,0.9,0,"피부 질감, 조명, 해부학적 구조가 매우 자연스럽고 일관성이 있어 전문적인 사진으로 판단됩니다.",21.59,
/Users/woochul/github/Last_Project_test/data/test_dataset/real/real_0201.jpg,0,REAL,0.85,0,"피부, 머리카락, 옷감의 질감이 자연스럽고, 해부학적 오류나 조명 불일치 등 AI 생성 특유의 명확한 결함이 관찰되지 않습니다.",25.53,
/Users/woochul/github/Last_Project_test/data/test_dataset/real/real_0202.jpg,0,REAL,0.92,0,"피부, 머리카락, 배경의 질감이 매우 자연스럽고, 조명과 그림자 처리가 일관적이며 인위적인 오류가 발견되지 않습니다.",23.82,
/Users/woochul/github/Last_Project_test/data/test_dataset/real/real_0203.jpg,0,REAL,0.85,0,"조명과 그림자의 방향 및 일관성이 매우 자연스러우며, 피부나 머리카락의 텍스처에서 AI 특유의 과도한 균일함이나 오류가 관찰되지 않습니다.",30.33,
/Users/woochul/github/Last_Project_test/data/test_dataset/real/real_0204.jpg,0,REAL,0.92,0,"피부와 머리카락의 질감이 자연스럽고, 전반적인 사진의 느낌이 실제 촬영물과 유사합니다.",22.31,
/Users/woochul/github/Last_Project_test/data/test_dataset/real/real_0205.jpg,0,REAL,0.9,0,"피부, 머리카락, 배경의 질감과 조명이 전반적으로 일관성이 있어 실제 촬영된 사진의 특징을 보입니다.",19.39,
/Users/woochul/github/Last_Project_test/data/test_dataset/real/real_0206.jpg,0,REAL,0.9,0,머리카락과 피부의 질감이 자연스러운 변화와 복잡성을 보여 실제 사진으로 판단됩니다.,23.42,
/Users/woochul/github/Last_Project_test/data/test_dataset/real/real_0207.jpg,0,AI_GENERATED,0.9,1,피부 텍스처가 지나치게 매끄럽고 균일하여 실제 인물 사진에서 보기 어려운 비현실적인 완벽함을 보입니다.,25.08,
/Users/woochul/github/Last_Project_test/data/test_dataset/real/real_0208.jpg,0,REAL,0.85,0,"피부와 옷감의 질감이 자연스럽고, 조명과 그림자 처리가 전문적인 사진 촬영의 특징을 보입니다.",28.14,
/Users/woochul/github/Last_Project_test/data/test_dataset/real/real_0209.jpg,0,REAL,0.95,0,"피부와 머리카락의 질감이 자연스럽고, 조명과 배경 흐림(bokeh) 처리가 전문적인 사진 촬영의 특징을 보임.",23.84,
/Users/woochul/github/Last_Project_test/data/test_dataset/real/real_0210.jpg,0,REAL,0.85,0,"피부와 머리카락의 텍스처가 자연스럽고, 조명과 그림자의 방향성이 일관되어 인위적인 오류가 발견되지 않습니다.",24.62,
/Users/woochul/github/Last_Project_test/data/test_dataset/real/real_0211.jpg,0,AI_GENERATED,0.85,1,"피부와 머리카락의 질감이 지나치게 매끄럽고 완벽하여 인위적인 느낌이 강하며, 전반적으로 이상화된 느낌을 줍니다.",27.92,
/Users/woochul/github/Last_Project_test/data/test_dataset/real/real_0212.jpg,0,REAL,0.85,0,"피부, 머리카락, 배경의 질감이 자연스럽고 조명과 그림자 방향에 큰 불일치가 없어 실제 촬영된 사진일 가능성이 높습니다.",24.55,
/Users/woochul/github/Last_Project_test/data/test_dataset/real/real_0213.jpg,0,REAL,0.92,0,"피부, 옷감, 배경의 질감과 조명 및 그림자 처리가 자연스러워 AI 생성 특유의 부자연스러운 느낌이 적습니다.",23.96,
/Users/woochul/github/Last_Project_test/data/test_dataset/real/real_0214.jpg,0,REAL,0.85,0,"피부 톤과 옷의 주름, 배경의 보케(bokeh) 효과가 자연스럽고 전문적인 사진 촬영의 특징을 보입니다.",25.26,
/Users/woochul/github/Last_Project_test/data/test_dataset/real/real_0215.jpg,0,REAL,0.95,0,"피부 질감, 옷의 주름, 그리고 배경의 자연스러운 흐림 효과(bokeh)가 실제 카메라로 촬영된 사진의 특성을 잘 보여주며, AI 생성 특유의 부자연스러운 아티팩트가 관찰되지 않습니다.",21.98,
/Users/woochul/github/Last_Project_test/data/test_dataset/real/real_0216.jpg,0,REAL,0.95,0,"조명, 피부 질감, 그리고 전반적인 구도가 전문적인 사진 촬영의 특징을 보이며, AI 생성 특유의 인공적인 오류가 관찰되지 않습니다.",22.47,
/Users/woochul/github/Last_Project_test/data/test_dataset/real/real_0217.jpg,0,REAL,0.92,0,"조명, 피부 질감, 그리고 배경의 자연스러운 아웃포커싱(bokeh)이 실제 사진의 특징을 강하게 보여줍니다.",22.86,
/Users/woochul/github/Last_Project_test/data/test_dataset/real/real_0218.jpg,0,REAL,0.95,0,"피부와 머리카락의 질감이 자연스럽고, 조명과 배경 흐림(bokeh) 처리가 전문적인 사진 촬영의 특징을 보입니다.",20.74,
/Users/woochul/github/Last_Project_test/data/test_dataset/real/real_0219.jpg,0,AI_GENERATED,0.9,1,"피부 텍스처가 과도하게 매끄럽고, 치아와 얼굴의 디테일이 비현실적으로 완벽하여 AI 필터링 또는 생성의 특징을 보임",25.91,
/Users/woochul/github/Last_Project_test/data/test_dataset/real/real_0220.jpg,0,REAL,0.92,0,"조명, 피부 질감, 배경 흐림 효과가 자연스럽고 전문적인 사진 촬영의 특징을 보임.",21.51,
/Users/woochul/github/Last_Project_test/data/test_dataset/real/real_0221.jpg,0,REAL,0.85,0,"피부, 머리카락, 의상의 질감 표현이 매우 자연스럽고, 조명과 그림자의 방향성이 일관되어 AI 생성 특유의 부자연스러운 오류가 발견되지 않습니다.",26.96,
/Users/woochul/github/Last_Project_test/data/test_dataset/real/real_0222.jpg,0,REAL,0.95,0,"조명, 옷의 주름, 그리고 배경의 자연스러운 흐림(bokeh) 효과가 실제 사진의 특징을 강하게 보여줍니다.",18.22,
/Users/woochul/github/Last_Project_test/data/test_dataset/real/real_0223.jpg,0,AI_GENERATED,0.92,1,"피부와 머리카락의 질감이 과도하게 매끄럽고 균일하며, 전반적인 조명과 그림자 처리가 인위적이고 완벽하여 AI 생성의 특징을 보입니다.",21.9,
/Users/woochul/github/Last_Project_test/data/test_dataset/real/real_0224.jpg,0,AI_GENERATED,0.8,1,"피부와 직물 텍스처가 매우 매끄럽고, 조명과 그림자가 인위적으로 완벽하게 처리된 느낌이 강함.",28.49,
/Users/woochul/github/Last_Project_test/data/test_dataset/real/real_0225.jpg,0,AI_GENERATED,0.9,1,"피부와 머리카락의 질감이 지나치게 매끄럽고, 조명과 그림자가 인위적으로 강조되어 현실성이 떨어집니다.",20.89,
/Users/woochul/github/Last_Project_test/data/test_dataset/real/real_0226.jpg,0,REAL,0.95,0,"피부, 머리카락, 조명 및 배경의 흐림 효과가 매우 자연스럽고, 인공적인 과도한 균일함이나 해부학적 오류가 관찰되지 않습니다.",21.09,
/Users/woochul/github/Last_Project_test/data/test_dataset/real/real_0227.jpg,0,AI_GENERATED,0.9,1,"피부와 머리카락의 질감이 지나치게 매끄럽고 완벽하며, 전반적인 조명과 그림자가 스튜디오에서 합성된 듯한 비현실적인 완벽함을 보여줍니다.",19.89,
/Users/woochul/github/Last_Project_test/data/test_dataset/real/real_0228.jpg,0,REAL,0.85,0,"조명과 피부, 머리카락의 질감이 매우 자연스러우며, AI 생성 특유의 명확한 오류가 관찰되지 않습니다.",27.38,
/Users/woochul/github/Last_Project_test/data/test_dataset/real/real_0229.jpg,0,REAL,0.9,0,"조명과 피부 톤이 매우 일관적이며, AI 생성 특유의 과도한 균일함이나 해부학적 오류가 관찰되지 않습니다.",26.6,
/Users/woochul/github/Last_Project_test/data/test_dataset/real/real_0230.jpg,0,REAL,0.95,0,"피부, 머리카락, 배경 흐림(bokeh) 효과가 전문적인 사진 촬영 기법을 따르고 있으며, AI 생성물에서 흔히 보이는 과도한 균일함이나 비현실적인 아티팩트가 관찰되지 않습니다.",21.83,
/Users/woochul/github/Last_Project_test/data/test_dataset/real/real_0231.jpg,0,REAL,0.92,0,"피부, 머리카락, 조명 및 그림자 처리가 자연스럽고, AI 생성 특유의 과도한 균일함이나 오류가 관찰되지 않습니다.",24.22,
/Users/woochul/github/Last_Project_test/data/test_dataset/real/real_0232.jpg,0,REAL,0.92,0,"피부, 털, 의상의 질감과 조명 및 그림자 처리가 일관적이며, 배경의 흐림 효과(bokeh)가 자연스러워 실제 촬영된 사진으로 판단됩니다.",20.66,
/Users/woochul/github/Last_Project_test/data/test_dataset/real/real_0233.jpg,0,REAL,0.85,0,"조명과 배경의 흐림(bokeh) 처리가 자연스러우며, 인공적인 오류나 과도한 질감의 불일치가 관찰되지 않습니다.",26.78,
/Users/woochul/github/Last_Project_test/data/test_dataset/real/real_0234.jpg,0,REAL,0.92,0,"피부, 머리카락, 배경의 흐림 효과(bokeh) 등 모든 요소가 자연스럽고 일관성이 있어 AI 생성 특유의 인공적인 오류가 발견되지 않습니다.",23.38,
/Users/woochul/github/Last_Project_test/data/test_dataset/real/real_0235.jpg,0,AI_GENERATED,0.75,1,피부 톤과 질감이 지나치게 균일하고 매끄러워 실제 사진에서 보기 어려운 완벽한 느낌을 줍니다.,23.11,
/Users/woochul/github/Last_Project_test/data/test_dataset/real/real_0236.jpg,0,REAL,0.95,0,"피부, 머리카락, 조명 및 그림자 처리가 매우 자연스럽고, AI 생성물에서 흔히 보이는 과도한 매끄러움이나 비현실적인 패턴이 관찰되지 않습니다.",22.32,
/Users/woochul/github/Last_Project_test/data/test_dataset/real/real_0237.jpg,0,REAL,0.85,0,"강한 필터와 보케 효과가 적용되었으나, 얼굴의 구조와 조명, 의상의 질감이 실제 촬영된 사진의 특징을 보입니다.",25.75,
/Users/woochul/github/Last_Project_test/data/test_dataset/real/real_0238.jpg,0,AI_GENERATED,0.9,1,"피부와 머리카락의 질감이 지나치게 완벽하고 균일하며, 전반적으로 과도하게 매끄러운 '하이퍼-리얼'한 느낌이 강합니다.",29.51,
/Users/woochul/github/Last_Project_test/data/test_dataset/real/real_0239.jpg,0,REAL,0.92,0,"조명, 배경의 깊이감, 그리고 머리카락의 복잡한 질감이 실제 사진의 특징을 보이며, AI 생성 특유의 부자연스러운 패턴이 관찰되지 않습니다.",27.46,
/Users/woochul/github/Last_Project_test/data/test_dataset/real/real_0240.jpg,0,REAL,0.92,0,"피부, 머리카락, 조명 등 전반적인 텍스처와 빛의 흐름이 실제 사진과 매우 유사하며, 인공적인 오류가 발견되지 않았습니다.",29.02,
/Users/woochul/github/Last_Project_test/data/test_dataset/real/real_0241.jpg,0,REAL,0.95,0,"옷의 주름과 피부 톤, 배경의 자연스러운 보케(bokeh) 효과 등 전반적인 질감과 조명이 실제 사진의 특성을 강하게 보여줍니다.",22.55,
/Users/woochul/github/Last_Project_test/data/test_dataset/real/real_0242.jpg,0,REAL,0.95,0,"피부, 머리카락, 조명 및 그림자 처리가 매우 자연스럽고, AI 생성물에서 흔히 보이는 과도한 균일함이나 해부학적 오류가 관찰되지 않습니다.",23.43,
/Users/woochul/github/Last_Project_test/data/test_dataset/real/real_0243.jpg,0,AI_GENERATED,0.85,1,"피부와 조명이 지나치게 완벽하고 균일하여, 전문적인 스튜디오 촬영을 넘어선 디지털 생성의 느낌이 강합니다.",31.73,
/Users/woochul/github/Last_Project_test/data/test_dataset/real/real_0244.jpg,0,REAL,0.92,0,"피부, 옷감, 배경의 흐림 효과(bokeh) 등 전반적인 질감과 조명이 자연스럽고, AI 생성 특유의 부자연스러운 오류가 관찰되지 않습니다.",26.59,
/Users/woochul/github/Last_Project_test/data/test_dataset/real/real_0245.jpg,0,REAL,0.95,0,"조명, 피부 질감, 옷의 주름 등 모든 요소가 전문적인 사진 촬영의 특징을 보이며, AI 생성 특유의 부자연스러운 오류가 관찰되지 않습니다.",25.89,
/Users/woochul/github/Last_Project_test/data/test_dataset/real/real_0246.jpg,0,REAL,0.95,0,"조명과 그림자의 방향 및 강도가 매우 일관적이며, 피부와 직물의 질감 표현이 자연스럽고 과도하게 매끄럽지 않아 실제 촬영물로 판단됩니다.",27.97,
/Users/woochul/github/Last_Project_test/data/test_dataset/real/real_0247.jpg,0,REAL,0.95,0,"피부 톤, 머리카락, 옷감의 질감이 매우 자연스럽고, 조명과 그림자 처리가 일관적이며, 배경의 흐림(bokeh) 효과가 전문적인 사진 촬영의 특징을 보입니다.",25.88,
/Users/woochul/github/Last_Project_test/data/test_dataset/real/real_0248.jpg,0,REAL,0.95,0,"피부, 옷감, 배경의 질감과 조명, 그림자가 매우 자연스럽고 일관적이며, AI 생성 특유의 부자연스러운 패턴이나 과도한 매끄러움이 관찰되지 않습니다.",30.72,
/Users/woochul/github/Last_Project_test/data/test_dataset/real/real_0249.jpg,0,REAL,0.95,0,"피부, 머리카락, 옷감의 질감이 자연스럽고, 조명과 배경의 흐림(bokeh) 처리가 전문적인 사진 촬영의 특징을 보임.",29.28,
