image_path,true_label,verdict,confidence,pred_label,reason,elapsed,error
C:\Users\chul3\github\Last_Project_test\data\test_dataset\ai\ai_0001.png,1,AI_GENERATED,0.9,1,피부와 머리카락의 질감이 지나치게 매끄럽고 수채화 같은 디지털 질감이 느껴짐,163.52,
C:\Users\chul3\github\Last_Project_test\data\test_dataset\ai\ai_0002.jpg,1,AI_GENERATED,0.9,1,"피부와 치아의 질감이 지나치게 매끄럽고 수채화 같은 질감이 느껴지며, 손가락의 형태가 불분명함",200.3,
C:\Users\chul3\github\Last_Project_test\data\test_dataset\ai\ai_0003.jpg,1,AI_GENERATED,0.95,1,"피부 질감이 지나치게 매끄럽고 손가락의 형태가 부자연스러우며, 전반적으로 AI 특유의 과도하게 정제된 질감이 느껴짐.",203.38,
C:\Users\chul3\github\Last_Project_test\data\test_dataset\ai\ai_0004.jpg,1,AI_GENERATED,0.95,1,피부 질감이 지나치게 매끄럽고 배경의 책장 패턴과 조명이 AI 특유의 인위적인 느낌을 줌,198.09,
C:\Users\chul3\github\Last_Project_test\data\test_dataset\ai\ai_0005.png,1,AI_GENERATED,0.95,1,"피부 질감이 지나치게 매끄럽고 모공이나 잡티가 전혀 없는 과도한 균일함을 보이며, 인물과 배경 사이의 경계가 부자연스러움",212.89,
C:\Users\chul3\github\Last_Project_test\data\test_dataset\ai\ai_0006.png,1,AI_GENERATED,0.95,1,"피부 질감이 지나치게 매끄럽고 인위적인 광택이 돌며, 전반적으로 수채화 같은 과도한 보정 느낌이 강함",196.2,
C:\Users\chul3\github\Last_Project_test\data\test_dataset\ai\ai_0007.png,1,AI_GENERATED,0.9,1,피부 질감이 지나치게 매끄럽고 눈동자의 광택이 비현실적으로 선명함,205.72,
C:\Users\chul3\github\Last_Project_test\data\test_dataset\ai\ai_0008.png,1,AI_GENERATED,0.9,1,피부 질감이 지나치게 매끄럽고 모공이나 미세한 잡티가 없는 인위적인 느낌이 강함,211.89,
C:\Users\chul3\github\Last_Project_test\data\test_dataset\ai\ai_0009.png,1,AI_GENERATED,0.95,1,"피부 질감이 지나치게 매끄럽고 손가락의 형태가 부자연스러우며, 전체적으로 디지털 페인팅 같은 질감이 느껴짐.",184.24,
C:\Users\chul3\github\Last_Project_test\data\test_dataset\ai\ai_0010.png,1,AI_GENERATED,0.9,1,"피부 질감이 지나치게 매끄럽고 인위적인 광택이 느껴지며, 전체적인 이미지가 지나치게 정제된 느낌을 줌",210.36,
C:\Users\chul3\github\Last_Project_test\data\test_dataset\ai\ai_0011.png,1,AI_GENERATED,0.95,1,피부 질감이 지나치게 매끄럽고 전체적으로 수채화 같은 인위적인 질감이 느껴짐,201.43,
C:\Users\chul3\github\Last_Project_test\data\test_dataset\ai\ai_0012.png,1,AI_GENERATED,0.85,1,"피부 텍스처가 지나치게 매끄럽고 결점이 없으며, 전체적인 조명과 머리카락의 디테일이 인위적으로 완벽한 느낌을 줌",307.17,
C:\Users\chul3\github\Last_Project_test\data\test_dataset\ai\ai_0013.png,1,AI_GENERATED,0.9,1,피부와 옷의 질감이 지나치게 매끄럽고 인위적인 광택이 느껴지는 전형적인 AI 생성 이미지의 특징을 보임,233.35,
C:\Users\chul3\github\Last_Project_test\data\test_dataset\ai\ai_0014.jpg,1,AI_GENERATED,0.95,1,피부 질감이 지나치게 매끄럽고 모공이나 미세한 잡티가 전혀 없는 전형적인 AI 생성 이미지의 특징을 보임,202.33,
C:\Users\chul3\github\Last_Project_test\data\test_dataset\ai\ai_0015.jpg,1,REAL,0.9,0,"피부, 머리카락, 치아의 질감이 자연스럽고 인위적인 왜곡이나 해부학적 오류가 발견되지 않음.",216.81,
C:\Users\chul3\github\Last_Project_test\data\test_dataset\ai\ai_0016.jpg,1,AI_GENERATED,1.0,1,이미지 우측 하단에 AI 생성 모델인 'StyleGAN2 (Karras et al.)'라는 텍스트가 명시되어 있습니다.,184.59,
C:\Users\chul3\github\Last_Project_test\data\test_dataset\ai\ai_0017.jpg,1,REAL,0.95,0,"피부의 모공, 잔주름, 머리카락의 세밀한 질감이 매우 자연스럽고 인위적인 매끄러움이 없음.",152.08,
C:\Users\chul3\github\Last_Project_test\data\test_dataset\ai\ai_0018.jpg,1,AI_GENERATED,1.0,1,이미지 우측 하단에 StyleGAN2 모델로 생성되었음을 나타내는 워터마크가 명시되어 있습니다.,192.64,
C:\Users\chul3\github\Last_Project_test\data\test_dataset\ai\ai_0019.jpg,1,REAL,0.95,0,"피부의 모공, 수염, 눈가의 잔주름 등 세부적인 질감이 매우 사실적이며 인위적인 매끄러움이 없음",164.52,
C:\Users\chul3\github\Last_Project_test\data\test_dataset\ai\ai_0020.jpg,1,AI_GENERATED,0.85,1,"피부 질감이 지나치게 매끄럽고 인위적인 느낌을 주며, 전반적인 이미지가 과도하게 보정된 듯한 AI 특유의 질감이 나타남.",195.34,
C:\Users\chul3\github\Last_Project_test\data\test_dataset\ai\ai_0021.jpg,1,REAL,0.95,0,"피부의 모공, 수염, 머리카락의 질감이 매우 자연스럽고 조명과 그림자가 인물의 구조와 일치함.",168.41,
C:\Users\chul3\github\Last_Project_test\data\test_dataset\ai\ai_0022.jpg,1,AI_GENERATED,0.85,1,피부 질감이 지나치게 매끄럽고 머리카락의 세밀한 표현이 다소 뭉개져 있어 AI 특유의 질감이 느껴짐,201.42,
C:\Users\chul3\github\Last_Project_test\data\test_dataset\ai\ai_0023.jpg,1,REAL,0.95,0,"피부의 모공, 잔주름, 머리카락의 질감이 매우 사실적이며 조명과 그림자가 자연스럽습니다.",171.26,
C:\Users\chul3\github\Last_Project_test\data\test_dataset\ai\ai_0024.jpg,1,AI_GENERATED,1.0,1,이미지 우측 하단에 StyleGAN2라는 AI 생성 모델의 워터마크가 명시되어 있습니다.,184.66,
C:\Users\chul3\github\Last_Project_test\data\test_dataset\ai\ai_0025.jpg,1,REAL,0.95,0,"피부의 모공, 머리카락의 세밀한 질감, 자연스러운 빛의 반사와 그림자가 실제 사진의 특징을 나타냄",173.62,
C:\Users\chul3\github\Last_Project_test\data\test_dataset\ai\ai_0026.jpg,1,AI_GENERATED,1.0,1,"이미지 하단에 StyleGAN2(Karras et al.)라는 텍스트가 명시되어 있으며, 피부와 머리카락의 질감이 지나치게 매끄럽습니다.",166.54,
C:\Users\chul3\github\Last_Project_test\data\test_dataset\ai\ai_0027.jpg,1,AI_GENERATED,0.98,1,이미지 우측 하단에 AI 생성 모델인 'StyleGAN2' 워터마크가 명시되어 있습니다.,182.88,
C:\Users\chul3\github\Last_Project_test\data\test_dataset\ai\ai_0028.jpg,1,REAL,0.95,0,"피부의 모공, 잔주름, 머리카락의 질감이 매우 자연스럽고 인위적인 매끄러움이 없음",164.28,
C:\Users\chul3\github\Last_Project_test\data\test_dataset\ai\ai_0029.jpg,1,REAL,0.95,0,"피부의 모공과 질감이 자연스럽고, 플래시 조명에 의한 그림자와 빛 반사가 실제 사진의 특징을 보여줌",175.33,
C:\Users\chul3\github\Last_Project_test\data\test_dataset\ai\ai_0030.jpg,1,AI_GENERATED,1.0,1,이미지 우측 하단에 StyleGAN2(AI 생성 모델) 워터마크가 명시되어 있음,203.16,
C:\Users\chul3\github\Last_Project_test\data\test_dataset\ai\ai_0031.jpg,1,AI_GENERATED,1.0,1,이미지 우측 하단에 StyleGAN2(AI 모델명) 워터마크가 명시되어 있습니다.,159.46,
C:\Users\chul3\github\Last_Project_test\data\test_dataset\ai\ai_0032.jpg,1,AI_GENERATED,1.0,1,이미지 우측 하단에 StyleGAN2(AI 생성 모델) 워터마크가 명시되어 있습니다.,186.13,
C:\Users\chul3\github\Last_Project_test\data\test_dataset\ai\ai_0033.jpg,1,REAL,0.9,0,"피부와 머리카락의 질감이 자연스럽고, 조명과 그림자가 인물의 얼굴 구조와 일치하며, 해부학적 오류가 발견되지 않음.",361.14,
C:\Users\chul3\github\Last_Project_test\data\test_dataset\ai\ai_0034.jpg,1,AI_GENERATED,1.0,1,"우측 하단에 StyleGAN2라는 AI 모델 명칭이 명시되어 있으며, 피부 질감이 지나치게 매끄럽고 인위적입니다.",173.53,
C:\Users\chul3\github\Last_Project_test\data\test_dataset\ai\ai_0035.jpg,1,AI_GENERATED,0.85,1,피부 질감이 지나치게 매끄럽고 눈동자의 광택과 빛 반사가 인위적인 느낌을 줌,191.9,
C:\Users\chul3\github\Last_Project_test\data\test_dataset\ai\ai_0036.jpg,1,REAL,0.95,0,"피부의 모공과 질감이 자연스럽고, 머리카락의 디테일과 조명이 매우 사실적임.",173.68,
C:\Users\chul3\github\Last_Project_test\data\test_dataset\ai\ai_0037.jpg,1,AI_GENERATED,1.0,1,이미지 우측 하단에 AI 생성 모델인 'StyleGAN2'라는 문구가 명시되어 있습니다.,166.66,
C:\Users\chul3\github\Last_Project_test\data\test_dataset\ai\ai_0038.jpg,1,REAL,0.95,0,"피부의 모공, 머리카락의 불규칙한 질감, 자연스러운 조명과 그림자가 실제 사진의 특징을 보여줍니다.",158.63,
C:\Users\chul3\github\Last_Project_test\data\test_dataset\ai\ai_0039.jpg,1,REAL,0.95,0,"피부의 모공, 주름, 불규칙한 질감이 매우 사실적이며 AI 특유의 과도하게 매끄러운 질감이 보이지 않음.",155.5,
C:\Users\chul3\github\Last_Project_test\data\test_dataset\ai\ai_0040.jpg,1,REAL,0.95,0,"피부의 모공, 주름, 머리카락의 세밀한 질감이 매우 사실적이며 조명과 그림자가 자연스럽습니다.",170.06,
C:\Users\chul3\github\Last_Project_test\data\test_dataset\ai\ai_0041.jpg,1,AI_GENERATED,1.0,1,이미지 우측 하단에 StyleGAN2라는 AI 생성 모델의 워터마크가 명시되어 있습니다.,171.35,
C:\Users\chul3\github\Last_Project_test\data\test_dataset\ai\ai_0042.jpg,1,AI_GENERATED,0.85,1,피부 질감이 지나치게 매끄럽고 조명이 매우 균일하여 AI 생성물 특유의 질감이 느껴짐,257.53,
C:\Users\chul3\github\Last_Project_test\data\test_dataset\ai\ai_0043.jpg,1,AI_GENERATED,1.0,1,이미지 우측 하단에 AI 생성 모델인 'StyleGAN2'라는 명칭이 명시되어 있습니다.,166.1,
C:\Users\chul3\github\Last_Project_test\data\test_dataset\ai\ai_0044.jpg,1,REAL,0.95,0,"피부의 모공, 주름, 안경의 반사광 및 치아의 질감이 매우 자연스럽고 사실적임",169.72,
C:\Users\chul3\github\Last_Project_test\data\test_dataset\ai\ai_0045.jpg,1,AI_GENERATED,0.95,1,피부 질감이 지나치게 매끄럽고 배경의 형태가 비현실적이며 AI 특유의 수채화 같은 질감이 나타남,174.86,
C:\Users\chul3\github\Last_Project_test\data\test_dataset\ai\ai_0046.jpg,1,REAL,0.95,0,"피부 모공, 수염의 질감, 눈의 반사광 등 세부적인 텍스처가 매우 자연스럽고 사진 특유의 질감이 느껴짐",178.61,
C:\Users\chul3\github\Last_Project_test\data\test_dataset\ai\ai_0047.jpg,1,AI_GENERATED,1.0,1,이미지 우측 하단에 AI 생성 모델인 StyleGAN2 워터마크가 명시되어 있으며 피부 질감이 지나치게 매끄럽습니다.,173.51,
C:\Users\chul3\github\Last_Project_test\data\test_dataset\ai\ai_0048.jpg,1,AI_GENERATED,1.0,1,"이미지 우측 하단에 StyleGAN2라는 AI 생성 모델의 워터마크가 명시되어 있으며, 피부와 질감이 지나치게 매끄럽습니다.",162.62,
C:\Users\chul3\github\Last_Project_test\data\test_dataset\ai\ai_0049.jpg,1,AI_GENERATED,1.0,1,"이미지 우측 하단에 StyleGAN2라는 AI 모델 명칭이 명시되어 있으며, 피부 질감이 지나치게 매끄럽고 인위적입니다.",173.33,
C:\Users\chul3\github\Last_Project_test\data\test_dataset\ai\ai_0050.jpg,1,REAL,0.95,0,"피부의 모공, 미세한 잡티, 머리카락의 질감이 매우 자연스러우며 AI 특유의 과도하게 매끄러운 질감이 보이지 않음",153.62,
C:\Users\chul3\github\Last_Project_test\data\test_dataset\ai\ai_0051.jpg,1,AI_GENERATED,1.0,1,이미지 우측 하단에 StyleGAN2라는 AI 생성 모델의 명칭이 명시되어 있습니다.,158.88,
C:\Users\chul3\github\Last_Project_test\data\test_dataset\ai\ai_0052.jpg,1,REAL,0.95,0,"피부의 모공, 주름, 치아의 불규칙함 등 자연스러운 질감과 세부 묘사가 매우 사실적임.",161.37,
C:\Users\chul3\github\Last_Project_test\data\test_dataset\ai\ai_0053.jpg,1,REAL,0.95,0,"피부의 모공, 머리카락의 세밀한 질감, 눈동자의 반사광 등이 매우 자연스럽고 실제 사진의 특징을 잘 보여줌.",178.43,
C:\Users\chul3\github\Last_Project_test\data\test_dataset\ai\ai_0054.jpg,1,AI_GENERATED,1.0,1,이미지 우측 하단에 StyleGAN2라는 AI 생성 모델의 명칭이 명시되어 있습니다.,172.22,
C:\Users\chul3\github\Last_Project_test\data\test_dataset\ai\ai_0055.jpg,1,AI_GENERATED,1.0,1,이미지 우측 하단에 StyleGAN2 생성물임을 나타내는 워터마크가 명시되어 있으며 피부 질감이 지나치게 매끄럽습니다.,158.06,
C:\Users\chul3\github\Last_Project_test\data\test_dataset\ai\ai_0056.jpg,1,AI_GENERATED,0.98,1,이미지 하단에 StyleGAN2라는 AI 생성 모델의 명칭이 워터마크로 명시되어 있습니다.,229.47,
C:\Users\chul3\github\Last_Project_test\data\test_dataset\ai\ai_0057.jpg,1,REAL,0.95,0,"피부의 모공과 질감이 자연스럽고, 플래시 조명에 따른 그림자와 눈동자의 반사가 매우 사실적입니다.",155.07,
C:\Users\chul3\github\Last_Project_test\data\test_dataset\ai\ai_0058.jpg,1,REAL,0.95,0,"피부의 모공, 주름, 불규칙한 텍스처가 매우 사실적이며 해부학적 오류가 보이지 않음",166.2,
C:\Users\chul3\github\Last_Project_test\data\test_dataset\ai\ai_0059.jpg,1,REAL,0.95,0,"피부의 모공, 수염, 머리카락의 질감이 매우 자연스럽고 AI 특유의 과도하게 매끄러운 질감이 보이지 않음",166.37,
C:\Users\chul3\github\Last_Project_test\data\test_dataset\ai\ai_0060.jpg,1,AI_GENERATED,1.0,1,우측 하단에 StyleGAN2라는 AI 생성 모델의 워터마크가 명시되어 있습니다.,182.75,
C:\Users\chul3\github\Last_Project_test\data\test_dataset\ai\ai_0061.jpg,1,REAL,0.95,0,"피부의 모공, 미세한 잡티, 머리카락의 질감이 매우 자연스럽고 인위적인 매끄러움이 보이지 않음",166.99,
C:\Users\chul3\github\Last_Project_test\data\test_dataset\ai\ai_0062.jpg,1,REAL,0.95,0,"피부의 모공과 머리카락의 미세한 질감이 자연스럽고, 조명과 그림자가 인물의 굴곡에 따라 일관되게 표현됨",171.65,
C:\Users\chul3\github\Last_Project_test\data\test_dataset\ai\ai_0063.jpg,1,AI_GENERATED,1.0,1,"이미지 우측 하단에 StyleGAN2(AI 생성 모델) 워터마크가 명시되어 있으며, 피부 질감이 지나치게 매끄럽습니다.",164.39,
C:\Users\chul3\github\Last_Project_test\data\test_dataset\ai\ai_0064.jpg,1,REAL,0.95,0,"피부의 모공, 잡티, 머리카락의 미세한 디테일이 자연스럽고 인위적인 매끄러움이 없음",178.38,
C:\Users\chul3\github\Last_Project_test\data\test_dataset\ai\ai_0065.jpg,1,REAL,0.95,0,"피부의 모공, 잔주름, 머리카락의 디테일이 매우 사실적이며 AI 특유의 과도하게 매끄러운 질감이 보이지 않음",192.45,
C:\Users\chul3\github\Last_Project_test\data\test_dataset\ai\ai_0066.jpg,1,REAL,0.95,0,"피부의 모공, 잔주름, 머리카락의 질감이 매우 자연스럽고 인위적인 매끄러움이 없음",174.9,
C:\Users\chul3\github\Last_Project_test\data\test_dataset\ai\ai_0067.jpg,1,AI_GENERATED,0.85,1,피부 질감이 지나치게 매끄럽고 머리카락의 미세한 경계가 디지털로 뭉개진 듯한 느낌을 줌,242.72,
C:\Users\chul3\github\Last_Project_test\data\test_dataset\ai\ai_0068.jpg,1,AI_GENERATED,0.9,1,피부 질감이 지나치게 매끄럽고 모공이나 미세한 잡티가 없는 전형적인 AI 생성 이미지의 특징을 보임,190.28,
C:\Users\chul3\github\Last_Project_test\data\test_dataset\ai\ai_0069.jpg,1,AI_GENERATED,0.85,1,피부 질감이 지나치게 매끄럽고 모공이나 미세한 잡티가 거의 보이지 않는 과도한 균일함을 보임,290.77,
C:\Users\chul3\github\Last_Project_test\data\test_dataset\ai\ai_0070.jpg,1,AI_GENERATED,0.85,1,피부 질감이 지나치게 매끄럽고 조명이 인위적으로 완벽함,261.43,
C:\Users\chul3\github\Last_Project_test\data\test_dataset\ai\ai_0071.jpg,1,AI_GENERATED,0.9,1,피부 질감이 지나치게 매끄럽고 모공이나 미세한 잡티가 없는 수채화 같은 질감이 나타남,185.42,
C:\Users\chul3\github\Last_Project_test\data\test_dataset\ai\ai_0072.jpg,1,REAL,0.95,0,"조명과 그림자가 자연스럽고, 옷의 주름과 배경의 디테일에서 AI 특유의 부자연스러운 질감이 발견되지 않음.",196.5,
C:\Users\chul3\github\Last_Project_test\data\test_dataset\ai\ai_0073.jpg,1,REAL,0.95,0,"피부, 머리카락, 의복의 질감이 자연스럽고 조명과 그림자가 일관되며 해부학적 오류가 발견되지 않음.",213.89,
C:\Users\chul3\github\Last_Project_test\data\test_dataset\ai\ai_0074.jpg,1,AI_GENERATED,0.9,1,피부 질감이 모공이나 미세한 잡티 없이 지나치게 매끄럽고 인위적인 느낌을 줌,185.06,
C:\Users\chul3\github\Last_Project_test\data\test_dataset\ai\ai_0075.jpg,1,AI_GENERATED,0.9,1,"피부 질감이 지나치게 매끄럽고 인위적이며, 전반적으로 과도하게 보정된 듯한 AI 특유의 질감이 나타남",214.79,
C:\Users\chul3\github\Last_Project_test\data\test_dataset\ai\ai_0076.jpg,1,AI_GENERATED,0.9,1,피부 질감이 지나치게 매끄럽고 모공이나 자연스러운 잡티가 없는 전형적인 AI 생성 이미지의 특징을 보임,187.02,
C:\Users\chul3\github\Last_Project_test\data\test_dataset\ai\ai_0077.jpg,1,AI_GENERATED,0.95,1,"피부 질감이 지나치게 매끄럽고 인위적이며, 손가락의 형태와 전체적인 조명이 AI 생성물 특유의 미화된 느낌을 줍니다.",203.07,
C:\Users\chul3\github\Last_Project_test\data\test_dataset\ai\ai_0078.jpg,1,AI_GENERATED,0.95,1,"피부 질감이 지나치게 매끄럽고 손가락의 형태가 부자연스러우며, 전체적으로 디지털 페인팅 같은 과도한 질감이 느껴짐",182.93,
C:\Users\chul3\github\Last_Project_test\data\test_dataset\ai\ai_0079.jpg,1,AI_GENERATED,0.9,1,피부 질감이 지나치게 매끄럽고 인물에 대한 조명이 배경과 비교했을 때 부자연스럽게 밝음,223.43,
C:\Users\chul3\github\Last_Project_test\data\test_dataset\ai\ai_0080.jpg,1,REAL,0.95,0,"피부 질감, 조명, 배경의 디테일 및 텍스트 렌더링이 매우 자연스럽고 해부학적 오류가 없음",217.49,
C:\Users\chul3\github\Last_Project_test\data\test_dataset\ai\ai_0081.jpg,1,AI_GENERATED,0.85,1,"피부 질감이 지나치게 매끄럽고 조명이 인위적으로 완벽하며, 인물의 이목구비가 AI 생성물 특유의 전형적인 미형을 띠고 있음",267.13,
C:\Users\chul3\github\Last_Project_test\data\test_dataset\ai\ai_0082.jpg,1,REAL,0.95,0,"피부의 미세한 질감, 머리카락의 자연스러운 잔머리, 배경 조명과 인물에 비치는 빛의 일관성, 티셔츠 문구의 선명한 디테일이 실제 사진의 특징을 보여줌",201.51,
C:\Users\chul3\github\Last_Project_test\data\test_dataset\ai\ai_0083.jpg,1,REAL,0.95,0,"피부 질감과 배경의 피사체들이 자연스럽고, 저조도 환경에서의 빛과 그림자가 매우 사실적임.",220.3,
C:\Users\chul3\github\Last_Project_test\data\test_dataset\ai\ai_0084.jpg,1,REAL,0.95,0,"피부 질감, 조명과 그림자의 일치성, 배경의 복잡한 디테일이 자연스러운 사진의 특징을 보임",188.64,
C:\Users\chul3\github\Last_Project_test\data\test_dataset\ai\ai_0085.jpg,1,REAL,0.95,0,"피부 질감, 배경의 디테일, 조명이 자연스러운 사진의 특징을 보이며 해부학적 오류나 AI 특유의 이질감이 없음",199.11,
C:\Users\chul3\github\Last_Project_test\data\test_dataset\ai\ai_0086.jpg,1,REAL,0.95,0,"피부의 자연스러운 질감, 머리카락의 세밀한 디테일, 배경의 자연스러운 보케 및 조명 상태가 실제 사진의 특성을 나타냄",193.6,
C:\Users\chul3\github\Last_Project_test\data\test_dataset\ai\ai_0087.jpg,1,AI_GENERATED,0.95,1,"피부 질감이 지나치게 매끄럽고 눈의 형태가 인형처럼 비현실적이며, 빛의 반사 효과가 인위적입니다.",192.9,
C:\Users\chul3\github\Last_Project_test\data\test_dataset\ai\ai_0088.jpg,1,REAL,0.95,0,"피부 질감, 머리카락의 디테일, 손의 해부학적 구조 및 플래시 조명에 따른 그림자가 실제 사진의 특성을 나타냄",217.59,
C:\Users\chul3\github\Last_Project_test\data\test_dataset\ai\ai_0089.jpg,1,AI_GENERATED,0.95,1,피부 질감이 모공이나 잡티 없이 지나치게 매끄럽고 인형 같은 디지털 페인팅 특유의 질감이 나타남,190.74,
C:\Users\chul3\github\Last_Project_test\data\test_dataset\ai\ai_0090.jpg,1,AI_GENERATED,0.95,1,"피부 질감이 모공 없이 지나치게 매끄럽고, 눈동자와 장신구의 표현이 디지털 렌더링 특유의 과도하게 정교하고 인위적인 느낌을 줌",191.59,
C:\Users\chul3\github\Last_Project_test\data\test_dataset\ai\ai_0091.jpg,1,AI_GENERATED,0.95,1,피부 질감이 지나치게 매끄럽고 눈동자와 빛의 표현이 비현실적으로 화려하며 디지털 수채화 같은 질감이 느껴짐,186.75,
C:\Users\chul3\github\Last_Project_test\data\test_dataset\ai\ai_0092.jpg,1,AI_GENERATED,0.95,1,피부 질감이 모공 없이 지나치게 매끄럽고 전체적으로 디지털로 그려진 듯한 과도한 미화가 나타남,176.37,
C:\Users\chul3\github\Last_Project_test\data\test_dataset\ai\ai_0093.jpg,1,AI_GENERATED,0.95,1,피부 질감이 지나치게 매끄럽고 전체적으로 디지털 페인팅 같은 수채화풍의 질감이 나타남,185.5,
C:\Users\chul3\github\Last_Project_test\data\test_dataset\ai\ai_0094.jpg,1,AI_GENERATED,0.95,1,"발가락의 형태가 해부학적으로 부자연스럽게 뭉쳐 있으며, 피부 질감이 지나치게 매끄럽고 인위적입니다.",194.92,
C:\Users\chul3\github\Last_Project_test\data\test_dataset\ai\ai_0095.jpg,1,AI_GENERATED,0.95,1,"피부와 모래의 질감이 지나치게 매끄럽고, 손가락과 발가락의 형태가 부자연스럽게 뭉쳐 보임",196.27,
C:\Users\chul3\github\Last_Project_test\data\test_dataset\ai\ai_0096.jpg,1,AI_GENERATED,0.95,1,피부와 얼굴의 질감이 지나치게 매끄럽고 인위적인 수채화풍의 느낌이 강함,186.55,
C:\Users\chul3\github\Last_Project_test\data\test_dataset\ai\ai_0097.jpg,1,AI_GENERATED,0.9,1,피부 질감이 지나치게 매끄럽고 금속 헬멧의 질감이 디지털 렌더링된 듯한 인위적인 광택을 띰,208.94,
C:\Users\chul3\github\Last_Project_test\data\test_dataset\ai\ai_0098.jpg,1,AI_GENERATED,0.95,1,피부 질감이 지나치게 매끄럽고 손가락과 발의 형태가 부자연스러우며 전체적으로 디지털 아트 같은 질감이 느껴짐,192.78,
C:\Users\chul3\github\Last_Project_test\data\test_dataset\ai\ai_0099.jpg,1,AI_GENERATED,0.95,1,"피부 질감이 모공 없이 지나치게 매끄럽고, 전체적으로 수채화 같은 과도하게 정제된 질감이 특징적임",175.97,
C:\Users\chul3\github\Last_Project_test\data\test_dataset\ai\ai_0100.jpg,1,AI_GENERATED,0.95,1,피부 질감이 지나치게 매끄럽고 인형 같은 비현실적인 디지털 질감을 보임,174.71,
C:\Users\chul3\github\Last_Project_test\data\test_dataset\ai\ai_0101.jpg,1,AI_GENERATED,0.9,1,"피부의 모공이나 질감이 거의 느껴지지 않을 정도로 지나치게 매끄러우며, 전체적인 조명과 머리카락의 디테일이 과도하게 정교하여 AI 생성물 특유의 인위적인 느낌이 강함.",280.63,
C:\Users\chul3\github\Last_Project_test\data\test_dataset\real\real_0001.jpg,0,UNCERTAIN,0.5,0,,0.03,"Image size (221990400 pixels) exceeds limit of 178956970 pixels, could be decompression bomb DOS attack."
C:\Users\chul3\github\Last_Project_test\data\test_dataset\real\real_0002.jpg,0,AI_GENERATED,0.85,1,피부 질감이 지나치게 매끄럽고 조명이 닿는 부분이 인위적으로 밝게 빛나는 수채화 같은 느낌이 있음,253.75,
C:\Users\chul3\github\Last_Project_test\data\test_dataset\real\real_0003.jpg,0,AI_GENERATED,0.85,1,"연기와 머리카락, 피부의 경계가 지나치게 매끄럽고 연기의 질감이 다소 수채화처럼 부드러운 느낌을 줌",223.47,
C:\Users\chul3\github\Last_Project_test\data\test_dataset\real\real_0004.jpg,0,AI_GENERATED,0.9,1,피부 질감이 지나치게 매끄럽고 손가락의 형태가 부자연스럽게 뭉개져 있음,166.73,
C:\Users\chul3\github\Last_Project_test\data\test_dataset\real\real_0005.jpg,0,REAL,0.95,0,"피부 질감, 손가락의 형태, 배경의 디테일 및 조명이 매우 자연스럽고 실제 사진의 특징을 가지고 있음.",180.49,
C:\Users\chul3\github\Last_Project_test\data\test_dataset\real\real_0006.jpg,0,REAL,0.95,0,"피부의 주름, 수염의 질감, 옷감의 디테일이 매우 사실적이며 AI 특유의 매끄러운 질감이 없음.",159.8,
C:\Users\chul3\github\Last_Project_test\data\test_dataset\real\real_0007.jpg,0,AI_GENERATED,0.85,1,피부 질감이 지나치게 매끄럽고 손가락과 안경의 연결 부위가 부자연스러우며 전반적으로 수채화 같은 질감이 느껴짐,216.5,
C:\Users\chul3\github\Last_Project_test\data\test_dataset\real\real_0008.jpg,0,REAL,0.95,0,"피부의 자연스러운 질감, 머리카락의 세밀한 디테일, 그리고 배경의 자연스러운 보케 효과가 실제 사진의 특징을 보여줍니다.",187.67,
C:\Users\chul3\github\Last_Project_test\data\test_dataset\real\real_0009.jpg,0,REAL,0.95,0,"피부의 모공, 잔머리, 눈동자의 반사광 등 세부적인 질감이 매우 자연스럽고 인위적인 매끄러움이 느껴지지 않음",173.69,
C:\Users\chul3\github\Last_Project_test\data\test_dataset\real\real_0010.jpg,0,AI_GENERATED,0.85,1,피부 질감이 지나치게 매끄럽고 손가락의 형태가 불분명하며 옷의 로고가 비현실적으로 뭉개져 있음,270.52,
C:\Users\chul3\github\Last_Project_test\data\test_dataset\real\real_0011.jpg,0,REAL,0.95,0,"피부 모공, 수염의 질감, 눈의 반사광 등이 매우 사실적이며 인위적인 매끄러움이 없음",194.52,
C:\Users\chul3\github\Last_Project_test\data\test_dataset\real\real_0012.jpg,0,REAL,0.95,0,"피부의 모공, 주름, 머리카락의 질감이 매우 사실적이며 조명과 배경 흐림이 자연스러운 사진의 특징을 보여줌.",196.15,
C:\Users\chul3\github\Last_Project_test\data\test_dataset\real\real_0013.jpg,0,REAL,0.95,0,"피부의 미세한 질감, 머리카락의 디테일, 옷감의 패턴 및 배경의 자연스러운 보케 효과가 실제 사진의 특징을 나타냄",203.36,
C:\Users\chul3\github\Last_Project_test\data\test_dataset\real\real_0014.jpg,0,AI_GENERATED,0.85,1,피부 질감이 지나치게 매끄럽고 손가락의 형태와 위치가 부자연스러움,209.43,
C:\Users\chul3\github\Last_Project_test\data\test_dataset\real\real_0015.jpg,0,REAL,0.9,0,"피부와 옷의 질감이 자연스럽고, 배경의 보케(bokeh) 효과와 빛의 표현이 실제 사진의 심도 및 조명 특성과 일치하며 해부학적 오류가 발견되지 않음.",198.77,
C:\Users\chul3\github\Last_Project_test\data\test_dataset\real\real_0016.jpg,0,REAL,0.95,0,"피부의 모공, 머리카락의 질감, 코듀로이 옷감의 디테일이 매우 사실적이며 인위적인 왜곡이 없음",187.2,
C:\Users\chul3\github\Last_Project_test\data\test_dataset\real\real_0017.jpg,0,REAL,0.95,0,"피부와 옷의 질감이 자연스럽고, 조명과 그림자가 일관되며, 배경의 흐림 처리가 인위적이지 않은 실제 거리 사진의 특징을 보임.",196.44,
C:\Users\chul3\github\Last_Project_test\data\test_dataset\real\real_0018.jpg,0,AI_GENERATED,0.9,1,피부 질감이 지나치게 매끄럽고 배경의 피사체들이 뭉개져 있는 등 전형적인 AI 생성 이미지의 특징을 보임,204.41,
C:\Users\chul3\github\Last_Project_test\data\test_dataset\real\real_0019.jpg,0,AI_GENERATED,0.85,1,피부 질감이 지나치게 매끄럽고 전체적인 조명과 디테일이 인위적으로 완벽함,242.55,
C:\Users\chul3\github\Last_Project_test\data\test_dataset\real\real_0020.jpg,0,REAL,0.95,0,"피부 질감, 옷의 주름, 조명이 자연스럽고 AI 특유의 인위적인 매끄러움이나 해부학적 오류가 발견되지 않음.",196.23,
C:\Users\chul3\github\Last_Project_test\data\test_dataset\real\real_0021.jpg,0,REAL,0.95,0,"피부의 미세한 잡티와 머리카락의 자연스러운 질감, 안경에 비친 빛의 반사가 매우 사실적임.",180.02,
C:\Users\chul3\github\Last_Project_test\data\test_dataset\real\real_0022.jpg,0,REAL,0.95,0,"피부의 질감, 손가락의 해부학적 구조, 배경의 자연스러운 보케 및 조명의 일관성이 실제 사진의 특징을 나타냄",196.99,
C:\Users\chul3\github\Last_Project_test\data\test_dataset\real\real_0023.jpg,0,REAL,0.95,0,"피부와 옷의 질감이 자연스럽고, 손가락 등 해부학적 구조에 이상이 없으며, 필름 사진 특유의 입자감이 자연스러움.",194.14,
C:\Users\chul3\github\Last_Project_test\data\test_dataset\real\real_0024.jpg,0,AI_GENERATED,0.9,1,"피부와 머리카락의 질감이 지나치게 매끄럽고 인위적이며, 의상의 레이스 패턴이 매우 균일하고 디지털적인 느낌을 줌",197.28,
C:\Users\chul3\github\Last_Project_test\data\test_dataset\real\real_0025.jpg,0,REAL,0.95,0,"피부 질감, 배경의 간판 글자, 금속 난간의 디테일 및 조명이 매우 자연스러우며 AI 특유의 왜곡이 발견되지 않음.",185.17,
C:\Users\chul3\github\Last_Project_test\data\test_dataset\real\real_0026.jpg,0,AI_GENERATED,0.85,1,피부 질감이 모공 없이 지나치게 매끄럽고 인위적인 느낌을 줌,231.83,
C:\Users\chul3\github\Last_Project_test\data\test_dataset\real\real_0027.jpg,0,AI_GENERATED,0.9,1,피부 질감이 지나치게 매끄럽고 손가락의 형태가 불분명하며 전체적으로 수채화 같은 질감이 느껴짐,201.22,
C:\Users\chul3\github\Last_Project_test\data\test_dataset\real\real_0028.jpg,0,AI_GENERATED,0.9,1,"피부와 머리카락의 질감이 지나치게 매끄럽고 인위적이며, 손가락의 형태가 불분명함",181.1,
C:\Users\chul3\github\Last_Project_test\data\test_dataset\real\real_0029.jpg,0,AI_GENERATED,0.9,1,피부 질감이 지나치게 매끄럽고 인위적인 수채화풍의 질감이 느껴짐,180.03,
C:\Users\chul3\github\Last_Project_test\data\test_dataset\real\real_0030.jpg,0,REAL,0.95,0,"역광 조명 아래의 피부 및 머리카락 질감이 자연스럽고, 배경의 보케와 빛 번짐이 실제 사진의 특성을 따름",195.96,
C:\Users\chul3\github\Last_Project_test\data\test_dataset\real\real_0031.jpg,0,REAL,0.95,0,"피부의 모공, 주름, 머리카락의 질감이 매우 사실적이며 조명과 그림자가 자연스럽습니다.",196.55,
C:\Users\chul3\github\Last_Project_test\data\test_dataset\real\real_0032.jpg,0,AI_GENERATED,0.9,1,피부 질감이 지나치게 매끄럽고 손가락의 형태가 불분명하며 해부학적으로 부자연스러움,220.57,
C:\Users\chul3\github\Last_Project_test\data\test_dataset\real\real_0033.jpg,0,AI_GENERATED,0.85,1,피부와 가죽의 질감이 지나치게 매끄럽고 조명이 인위적으로 완벽함,291.22,
C:\Users\chul3\github\Last_Project_test\data\test_dataset\real\real_0034.jpg,0,AI_GENERATED,0.9,1,"손가락의 형태가 뭉개져 있고 해부학적으로 부자연스러우며, 피부와 머리카락의 질감이 지나치게 매끄럽습니다.",211.53,
C:\Users\chul3\github\Last_Project_test\data\test_dataset\real\real_0035.jpg,0,AI_GENERATED,0.9,1,피부 질감이 지나치게 매끄럽고 손가락과 귀의 해부학적 디테일이 부자연스러움,183.73,
C:\Users\chul3\github\Last_Project_test\data\test_dataset\real\real_0036.jpg,0,AI_GENERATED,0.9,1,"머리카락의 질감이 개별 가닥이 아닌 뭉쳐진 붓터치처럼 보이며, 피부와 눈의 질감이 지나치게 매끄럽고 인위적임",208.18,
C:\Users\chul3\github\Last_Project_test\data\test_dataset\real\real_0037.jpg,0,AI_GENERATED,0.95,1,피부와 머리카락의 질감이 지나치게 매끄럽고 인위적인 수채화풍 느낌이 강함,198.92,
C:\Users\chul3\github\Last_Project_test\data\test_dataset\real\real_0038.jpg,0,AI_GENERATED,0.9,1,피부 질감이 지나치게 매끄럽고 손가락의 형태가 부자연스러우며 전반적으로 수채화 같은 질감이 느껴짐,207.46,
C:\Users\chul3\github\Last_Project_test\data\test_dataset\real\real_0039.jpg,0,REAL,0.9,0,"해부학적 이상이 없으며, 배경의 사물과 조명이 자연스럽고 실제 사진의 질감이 느껴짐.",246.06,
C:\Users\chul3\github\Last_Project_test\data\test_dataset\real\real_0040.jpg,0,REAL,0.98,0,"피부의 주름, 모공, 잔머리 등 세밀한 질감이 매우 사실적이며 인위적인 매끄러움이 없음",161.17,
C:\Users\chul3\github\Last_Project_test\data\test_dataset\real\real_0041.jpg,0,REAL,0.9,0,"피부와 수염의 질감이 자연스럽고, 조명과 그림자가 인물의 형태에 맞춰 일관되게 나타나며 해부학적 오류가 보이지 않음.",199.68,
C:\Users\chul3\github\Last_Project_test\data\test_dataset\real\real_0042.jpg,0,REAL,0.95,0,"피부 질감과 머리카락, 옷의 섬유 조직이 자연스러우며 배경의 벽돌 패턴과 조명이 매우 사실적임",191.32,
C:\Users\chul3\github\Last_Project_test\data\test_dataset\real\real_0043.jpg,0,AI_GENERATED,0.92,1,"피부 질감이 지나치게 매끄럽고 인위적이며, 전반적으로 수채화처럼 뭉개진 듯한 AI 특유의 질감이 나타남",195.92,
C:\Users\chul3\github\Last_Project_test\data\test_dataset\real\real_0044.jpg,0,AI_GENERATED,0.9,1,"피부, 머리카락, 옷의 질감이 지나치게 매끄럽고 디테일이 부족하여 AI 생성물 특유의 질감이 나타남",198.15,
C:\Users\chul3\github\Last_Project_test\data\test_dataset\real\real_0045.jpg,0,REAL,0.8,0,저해상도 및 노이즈가 있으나 해부학적 왜곡이나 AI 특유의 인위적인 매끄러움이 발견되지 않음,209.84,
C:\Users\chul3\github\Last_Project_test\data\test_dataset\real\real_0046.jpg,0,REAL,0.95,0,"피부 질감, 치아, 배경의 흐림 처리가 자연스러운 사진의 특징을 보임",180.28,
C:\Users\chul3\github\Last_Project_test\data\test_dataset\real\real_0047.jpg,0,REAL,0.95,0,"피부 질감, 수염의 디테일, 셔츠 패턴의 자연스러운 왜곡 및 배경의 자연스러운 보케 효과",194.35,
C:\Users\chul3\github\Last_Project_test\data\test_dataset\real\real_0048.jpg,0,AI_GENERATED,0.85,1,피부 질감이 지나치게 매끄럽고 머리카락의 세밀한 디테일이 뭉개져 있는 인위적인 느낌이 있음,214.06,
C:\Users\chul3\github\Last_Project_test\data\test_dataset\real\real_0049.jpg,0,REAL,0.95,0,"피부 질감, 조명, 배경의 흐림 처리가 자연스러우며 AI 특유의 과도한 매끄러움이나 왜곡이 없음",206.1,
C:\Users\chul3\github\Last_Project_test\data\test_dataset\real\real_0050.jpg,0,REAL,0.95,0,"피부의 모공과 질감, 머리카락의 불규칙한 디테일, 배경의 자연스러운 보케 및 조명이 실제 사진의 특징을 보여줌",186.43,
C:\Users\chul3\github\Last_Project_test\data\test_dataset\real\real_0051.jpg,0,AI_GENERATED,0.9,1,피부 질감이 지나치게 매끄럽고 머리카락의 디테일이 인위적으로 균일함,174.95,
C:\Users\chul3\github\Last_Project_test\data\test_dataset\real\real_0052.jpg,0,AI_GENERATED,0.9,1,피부와 머리카락의 질감이 지나치게 매끄럽고 인위적인 수채화 같은 느낌이 듭니다.,175.89,
C:\Users\chul3\github\Last_Project_test\data\test_dataset\real\real_0053.jpg,0,REAL,0.9,0,"피부 질감과 조명이 자연스럽고, AI 특유의 과도한 매끄러움이나 해부학적 오류가 보이지 않음.",206.45,
C:\Users\chul3\github\Last_Project_test\data\test_dataset\real\real_0054.jpg,0,AI_GENERATED,0.85,1,"피부 질감이 지나치게 매끄럽고 인위적이며, 전반적인 텍스처가 수채화처럼 부드럽게 뭉개져 있는 느낌을 줌",216.9,
C:\Users\chul3\github\Last_Project_test\data\test_dataset\real\real_0055.jpg,0,REAL,0.9,0,"피부의 질감과 머리카락의 디테일, 조명 및 배경의 흐림 처리가 자연스러운 사진적 노이즈를 포함하고 있음",193.58,
C:\Users\chul3\github\Last_Project_test\data\test_dataset\real\real_0056.jpg,0,REAL,0.95,0,"피부의 노이즈와 질감이 자연스럽고, AI 특유의 과도하게 매끄러운 질감이나 해부학적 오류가 발견되지 않는 실제 사진의 특징을 보입니다.",184.38,
C:\Users\chul3\github\Last_Project_test\data\test_dataset\real\real_0057.jpg,0,REAL,0.9,0,"피부 질감과 배경의 흐림 처리가 자연스럽고, 손가락이나 눈 등 해부학적 구조에서 AI 특유의 오류가 발견되지 않음.",197.56,
C:\Users\chul3\github\Last_Project_test\data\test_dataset\real\real_0058.jpg,0,REAL,0.95,0,"피부 질감, 수염, 체크무늬 셔츠의 패턴이 자연스럽고 AI 특유의 부자연스러운 매끄러움이나 해부학적 오류가 보이지 않음",178.49,
C:\Users\chul3\github\Last_Project_test\data\test_dataset\real\real_0059.jpg,0,AI_GENERATED,0.92,1,"피부 질감이 모공이나 잡티 없이 지나치게 매끄러우며, 머리카락의 광택과 질감이 인위적으로 부드럽습니다.",189.97,
C:\Users\chul3\github\Last_Project_test\data\test_dataset\real\real_0060.jpg,0,REAL,0.9,0,피부와 머리카락의 질감이 자연스럽고 조명과 그림자가 물리적으로 일관됨,188.99,
C:\Users\chul3\github\Last_Project_test\data\test_dataset\real\real_0061.jpg,0,AI_GENERATED,0.9,1,피부와 머리카락의 질감이 지나치게 매끄럽고 인위적인 광택이 느껴짐,187.09,
C:\Users\chul3\github\Last_Project_test\data\test_dataset\real\real_0062.jpg,0,AI_GENERATED,0.9,1,피부 질감이 지나치게 매끄럽고 모공이나 미세한 잡티가 없는 인위적인 느낌이 강함,177.88,
C:\Users\chul3\github\Last_Project_test\data\test_dataset\real\real_0063.jpg,0,REAL,0.95,0,"피부 질감, 안경의 반사, 옷의 패턴 및 질감이 매우 자연스럽고 해부학적 오류가 보이지 않음.",196.73,
C:\Users\chul3\github\Last_Project_test\data\test_dataset\real\real_0064.jpg,0,AI_GENERATED,0.85,1,피부 질감이 지나치게 매끄럽고 머리카락과 배경의 경계가 부자연스럽게 뭉개져 있음,236.53,
C:\Users\chul3\github\Last_Project_test\data\test_dataset\real\real_0065.jpg,0,REAL,0.85,0,"피부와 머리카락의 질감이 자연스럽고, AI 생성물에서 흔히 발견되는 해부학적 오류나 부자연스러운 빛 반사가 보이지 않음.",287.48,
C:\Users\chul3\github\Last_Project_test\data\test_dataset\real\real_0066.jpg,0,AI_GENERATED,0.9,1,피부 질감이 지나치게 매끄럽고 배경이 수채화처럼 뭉개져 있는 AI 특유의 질감이 나타남.,191.66,
C:\Users\chul3\github\Last_Project_test\data\test_dataset\real\real_0067.jpg,0,AI_GENERATED,0.85,1,피부 질감이 지나치게 매끄럽고 인위적인 수채화풍의 질감이 느껴짐,191.38,
C:\Users\chul3\github\Last_Project_test\data\test_dataset\real\real_0068.jpg,0,AI_GENERATED,0.85,1,피부와 눈의 질감이 지나치게 매끄럽고 조명이 인위적이며 전체적인 질감이 과도하게 정돈되어 있음,287.67,
C:\Users\chul3\github\Last_Project_test\data\test_dataset\real\real_0069.jpg,0,AI_GENERATED,0.85,1,"피부 질감이 지나치게 매끄럽고 인위적인 광택이 느껴지며, 전반적인 텍스처가 렌더링된 듯한 느낌을 줌",205.18,
C:\Users\chul3\github\Last_Project_test\data\test_dataset\real\real_0070.jpg,0,REAL,0.95,0,"피부의 미세한 질감, 치아의 자연스러운 형태, 머리카락의 디테일 및 배경의 자연스러운 보케 효과가 실제 사진의 특징을 보여줌",194.57,
C:\Users\chul3\github\Last_Project_test\data\test_dataset\real\real_0071.jpg,0,AI_GENERATED,0.85,1,"피부 질감이 지나치게 매끄럽고 인위적인 광택이 느껴지며, 전체적인 묘사가 매우 정교하지만 디지털로 생성된 듯한 특유의 질감이 있음",232.15,
C:\Users\chul3\github\Last_Project_test\data\test_dataset\real\real_0072.jpg,0,REAL,0.95,0,"피부 질감, 눈의 디테일, 조명이 매우 자연스럽고 사진 특유의 질감이 느껴짐",210.38,
C:\Users\chul3\github\Last_Project_test\data\test_dataset\real\real_0073.jpg,0,REAL,0.9,0,"피부의 질감과 노이즈가 자연스럽고, AI 특유의 과도하게 매끄러운 표현이나 해부학적 왜곡이 발견되지 않음.",191.25,
C:\Users\chul3\github\Last_Project_test\data\test_dataset\real\real_0074.jpg,0,AI_GENERATED,0.9,1,피부 질감이 지나치게 매끄럽고 눈과 치아의 디테일이 부자연스러우며 전반적으로 수채화 같은 질감이 느껴짐,179.65,
C:\Users\chul3\github\Last_Project_test\data\test_dataset\real\real_0075.jpg,0,AI_GENERATED,0.9,1,피부 질감이 지나치게 매끄럽고 모공이나 미세한 잡티가 없는 인위적인 느낌이 강함,170.84,
C:\Users\chul3\github\Last_Project_test\data\test_dataset\real\real_0076.jpg,0,AI_GENERATED,0.9,1,피부 질감이 지나치게 매끄럽고 전반적으로 인위적인 수채화풍의 느낌이 강함,178.29,
C:\Users\chul3\github\Last_Project_test\data\test_dataset\real\real_0077.jpg,0,REAL,0.9,0,"피부 질감과 머리카락의 디테일이 자연스럽고, 배경의 흐림 처리가 실제 사진의 보케 효과와 일치함",184.89,
C:\Users\chul3\github\Last_Project_test\data\test_dataset\real\real_0078.jpg,0,REAL,0.95,0,"피부와 머리카락의 질감이 자연스럽고, 안경의 반사와 배경의 보케 효과가 실제 사진의 특성을 잘 보여줌",164.92,
C:\Users\chul3\github\Last_Project_test\data\test_dataset\real\real_0079.jpg,0,AI_GENERATED,0.85,1,피부 질감이 지나치게 매끄럽고 빛의 경계가 디지털 페인팅처럼 부자연스럽게 뭉개져 있음,217.12,
C:\Users\chul3\github\Last_Project_test\data\test_dataset\real\real_0080.jpg,0,REAL,0.95,0,"피부와 머리카락의 질감이 자연스럽고, 조명과 그림자의 표현이 실제 사진의 심도 및 광원과 일치합니다.",166.18,
C:\Users\chul3\github\Last_Project_test\data\test_dataset\real\real_0081.jpg,0,REAL,0.9,0,"피부의 자연스러운 질감과 머리카락의 디테일, 배경의 자연스러운 아웃포커싱이 실제 사진의 특징을 보여줌",182.58,
C:\Users\chul3\github\Last_Project_test\data\test_dataset\real\real_0082.jpg,0,REAL,0.85,0,피부의 질감과 머리카락의 디테일에서 AI 특유의 과도한 매끄러움이나 해부학적 오류가 발견되지 않습니다.,230.1,
C:\Users\chul3\github\Last_Project_test\data\test_dataset\real\real_0083.jpg,0,AI_GENERATED,0.9,1,피부와 머리카락의 질감이 지나치게 매끄럽고 수채화 같은 느낌을 줌,155.63,
C:\Users\chul3\github\Last_Project_test\data\test_dataset\real\real_0084.jpg,0,AI_GENERATED,0.9,1,피부와 수염의 질감이 지나치게 매끄럽고 인위적인 느낌을 줌,173.23,
C:\Users\chul3\github\Last_Project_test\data\test_dataset\real\real_0085.jpg,0,REAL,0.9,0,"피부 질감, 머리카락, 옷의 디테일이 자연스럽고 AI 특유의 과도한 매끄러움이나 왜곡이 보이지 않음",159.97,
C:\Users\chul3\github\Last_Project_test\data\test_dataset\real\real_0086.jpg,0,AI_GENERATED,0.85,1,피부 질감이 지나치게 매끄럽고 머리카락 끝부분의 표현이 디지털적으로 뭉개져 있음,212.51,
C:\Users\chul3\github\Last_Project_test\data\test_dataset\real\real_0087.jpg,0,AI_GENERATED,0.85,1,피부 질감이 지나치게 매끄럽고 모공 등 자연스러운 디테일이 부족하여 인위적인 느낌을 줌,189.93,
C:\Users\chul3\github\Last_Project_test\data\test_dataset\real\real_0088.jpg,0,REAL,0.95,0,"피부의 미세한 질감, 머리카락의 디테일, 배경의 자연스러운 보케 및 일관된 조명이 실제 사진의 특징을 보여줌",164.24,
C:\Users\chul3\github\Last_Project_test\data\test_dataset\real\real_0089.jpg,0,REAL,0.95,0,"피부의 미세한 질감, 머리카락의 개별 가닥, 배경의 자연스러운 보케 및 일관된 조명이 실제 사진의 특징을 나타냄",102.4,
C:\Users\chul3\github\Last_Project_test\data\test_dataset\real\real_0090.jpg,0,AI_GENERATED,0.95,1,피부와 머리카락의 질감이 지나치게 매끄럽고 인위적인 수채화 같은 느낌이 강함,167.09,
C:\Users\chul3\github\Last_Project_test\data\test_dataset\real\real_0091.jpg,0,REAL,0.95,0,"피부의 모공, 머리카락의 질감, 조명과 그림자가 매우 자연스러우며 AI 특유의 과도한 매끄러움이 보이지 않음",194.7,
C:\Users\chul3\github\Last_Project_test\data\test_dataset\real\real_0092.jpg,0,REAL,0.9,0,"피부 질감과 배경의 흐림이 자연스럽고, 인물의 해부학적 구조에 이상이 없으며 사진 특유의 노이즈가 관찰됨.",182.58,
C:\Users\chul3\github\Last_Project_test\data\test_dataset\real\real_0093.jpg,0,AI_GENERATED,0.9,1,피부 질감이 지나치게 매끄럽고 모공이나 미세한 잡티 등 자연스러운 디테일이 부족함,194.5,
C:\Users\chul3\github\Last_Project_test\data\test_dataset\real\real_0094.jpg,0,REAL,0.85,0,"해부학적 오류가 보이지 않으며, 빛의 표현과 배경의 흐림 처리가 자연스러운 사진의 특징을 가지고 있음",340.75,
C:\Users\chul3\github\Last_Project_test\data\test_dataset\real\real_0095.jpg,0,REAL,0.9,0,"피부의 모공과 수염, 옷의 질감이 매우 사실적이며 인위적인 왜곡이 없음",199.43,
C:\Users\chul3\github\Last_Project_test\data\test_dataset\real\real_0096.jpg,0,AI_GENERATED,0.85,1,"피부 텍스처가 지나치게 매끄럽고 인위적이며, 전반적인 질감이 디지털로 렌더링된 듯한 과도한 균일함을 보임",214.66,
C:\Users\chul3\github\Last_Project_test\data\test_dataset\real\real_0097.jpg,0,AI_GENERATED,0.9,1,피부 질감이 지나치게 매끄럽고 모공이나 자연스러운 피부 결이 보이지 않는 전형적인 AI 생성 이미지의 특징을 보임,199.96,
C:\Users\chul3\github\Last_Project_test\data\test_dataset\real\real_0098.jpg,0,REAL,0.9,0,"이미지 전반에 걸쳐 저화질 사진 특유의 노이즈가 관찰되며, AI 생성물에서 흔히 보이는 인위적인 매끄러움이나 해부학적 왜곡이 발견되지 않습니다.",217.31,
C:\Users\chul3\github\Last_Project_test\data\test_dataset\real\real_0099.jpg,0,AI_GENERATED,0.9,1,"피부 질감이 지나치게 매끄럽고 모공이 보이지 않으며, 머리카락의 질감이 인위적으로 균일함",142.27,
C:\Users\chul3\github\Last_Project_test\data\test_dataset\real\real_0100.jpg,0,AI_GENERATED,0.9,1,피부와 수염의 질감이 지나치게 매끄럽고 모공이나 미세한 결이 보이지 않는 전형적인 AI 생성 이미지의 특징을 보임,176.56,
C:\Users\chul3\github\Last_Project_test\data\test_dataset\real\real_0101.jpg,0,AI_GENERATED,0.9,1,피부 질감이 지나치게 매끄럽고 머리카락 경계선이 수채화처럼 뭉개져 있는 AI 특유의 질감이 보임,153.54,
C:\Users\chul3\github\Last_Project_test\data\test_dataset\real\real_0102.jpg,0,AI_GENERATED,0.9,1,피부 질감이 지나치게 매끄럽고 모공이나 자연스러운 잡티가 없는 전형적인 AI 생성 이미지의 특징을 보임,156.22,
C:\Users\chul3\github\Last_Project_test\data\test_dataset\real\real_0103.jpg,0,REAL,0.9,0,피부와 머리카락의 질감이 자연스럽고 배경의 흐림이 자연스러운 광학적 보케 효과를 보임,165.92,
C:\Users\chul3\github\Last_Project_test\data\test_dataset\real\real_0104.jpg,0,AI_GENERATED,0.9,1,피부 질감이 지나치게 매끄럽고 모공이나 미세한 잡티 등 자연스러운 피부 텍스처가 보이지 않음,151.68,
C:\Users\chul3\github\Last_Project_test\data\test_dataset\real\real_0105.jpg,0,REAL,0.85,0,피부의 모공과 질감이 자연스럽게 표현되어 있으며 해부학적 왜곡이 보이지 않음,194.85,
C:\Users\chul3\github\Last_Project_test\data\test_dataset\real\real_0106.jpg,0,REAL,0.95,0,"자연스러운 보케 효과, 조명과 그림자의 일치, 그리고 실제 사진에서 나타나는 전경의 초점 흐림 현상이 매우 자연스러움",155.02,
C:\Users\chul3\github\Last_Project_test\data\test_dataset\real\real_0107.jpg,0,AI_GENERATED,0.85,1,피부와 수염의 질감이 지나치게 매끄럽고 인위적인 수채화풍 느낌이 있음,179.15,
C:\Users\chul3\github\Last_Project_test\data\test_dataset\real\real_0108.jpg,0,REAL,0.95,0,"피부 질감과 체크무늬 셔츠의 패턴이 자연스럽고, AI 특유의 과도한 매끄러움이나 왜곡이 보이지 않음.",182.71,
C:\Users\chul3\github\Last_Project_test\data\test_dataset\real\real_0109.jpg,0,REAL,0.95,0,"피부 질감, 안경의 반사, 머리카락의 디테일 및 배경의 자연스러운 보케가 실제 사진의 특징을 보여줌",150.26,
C:\Users\chul3\github\Last_Project_test\data\test_dataset\real\real_0110.jpg,0,AI_GENERATED,0.85,1,"피부와 머리카락의 질감이 지나치게 매끄럽고 인위적이며, 치아와 눈의 표현에서 AI 특유의 부자연스러운 질감이 느껴짐.",204.51,
C:\Users\chul3\github\Last_Project_test\data\test_dataset\real\real_0111.jpg,0,AI_GENERATED,0.9,1,피부 질감이 지나치게 매끄럽고 배경이 수채화처럼 뭉개져 있는 AI 특유의 질감이 나타남.,151.56,
C:\Users\chul3\github\Last_Project_test\data\test_dataset\real\real_0112.jpg,0,AI_GENERATED,0.9,1,피부와 머리카락의 질감이 지나치게 매끄럽고 인위적인 수채화 같은 느낌이 강함,178.52,
C:\Users\chul3\github\Last_Project_test\data\test_dataset\real\real_0113.jpg,0,REAL,0.9,0,피부 질감과 배경의 흐림 처리가 자연스럽고 해부학적 오류가 발견되지 않음.,156.46,
C:\Users\chul3\github\Last_Project_test\data\test_dataset\real\real_0114.jpg,0,AI_GENERATED,0.85,1,"피부의 과도한 매끄러움과 치아의 부자연스러운 균일함, 머리카락 및 수염의 뭉개진 듯한 질감이 AI 생성물 특유의 특징을 보임",197.59,
C:\Users\chul3\github\Last_Project_test\data\test_dataset\real\real_0115.jpg,0,REAL,0.9,0,"피부 질감과 눈의 반사가 자연스럽고, 저화질 사진에서 나타나는 자연스러운 노이즈가 관찰됨.",178.66,
C:\Users\chul3\github\Last_Project_test\data\test_dataset\real\real_0116.jpg,0,AI_GENERATED,0.85,1,"피부 질감이 지나치게 매끄럽고 모공 등 세부적인 디테일이 부족하며, 머리카락의 질감이 인위적으로 부드러움",189.22,
C:\Users\chul3\github\Last_Project_test\data\test_dataset\real\real_0117.jpg,0,AI_GENERATED,0.9,1,피부 질감이 지나치게 매끄럽고 수채화 같은 질감이 느껴짐,180.74,
C:\Users\chul3\github\Last_Project_test\data\test_dataset\real\real_0118.jpg,0,AI_GENERATED,0.85,1,피부 질감이 지나치게 매끄럽고 모공이나 미세한 잡티 등 자연스러운 피부 디테일이 부족하여 디지털로 생성된 듯한 느낌을 줌,155.03,
C:\Users\chul3\github\Last_Project_test\data\test_dataset\real\real_0119.jpg,0,REAL,0.95,0,"피부의 모공, 주름, 머리카락의 질감이 매우 사실적이며 해부학적 왜곡이 없음",174.74,
C:\Users\chul3\github\Last_Project_test\data\test_dataset\real\real_0120.jpg,0,REAL,0.9,0,"피부의 질감과 조명이 자연스러우며, AI 생성물에서 흔히 나타나는 해부학적 오류나 과도하게 매끄러운 질감이 발견되지 않습니다.",158.91,
C:\Users\chul3\github\Last_Project_test\data\test_dataset\real\real_0121.jpg,0,AI_GENERATED,0.85,1,"피부 질감이 지나치게 매끄럽고 조명이 인위적으로 균일하며, 머리카락과 의상의 디테일이 디지털 특유의 과도한 선명함을 보임",198.73,
C:\Users\chul3\github\Last_Project_test\data\test_dataset\real\real_0122.jpg,0,AI_GENERATED,0.8,1,피부 질감이 지나치게 매끄럽고 모공 등 미세한 디테일이 없는 과도한 균일함이 관찰됨,189.05,
C:\Users\chul3\github\Last_Project_test\data\test_dataset\real\real_0123.jpg,0,REAL,0.9,0,피부 질감과 조명이 자연스럽고 해부학적 오류가 발견되지 않음,168.34,
C:\Users\chul3\github\Last_Project_test\data\test_dataset\real\real_0124.jpg,0,AI_GENERATED,0.8,1,피부와 머리카락의 질감이 지나치게 매끄럽고 디테일이 뭉개져 있어 AI 생성물 특유의 질감이 나타남,185.01,
C:\Users\chul3\github\Last_Project_test\data\test_dataset\real\real_0125.jpg,0,AI_GENERATED,0.85,1,손가락의 형태가 불분명하고 피부와 머리카락의 질감이 지나치게 매끄러운 수채화풍 느낌이 있음,235.24,
C:\Users\chul3\github\Last_Project_test\data\test_dataset\real\real_0126.jpg,0,REAL,0.95,0,"피부의 모공, 머리카락의 불규칙한 질감, 치아의 자연스러운 형태 등 인위적이지 않은 세밀한 디테일이 관찰됨",132.58,
C:\Users\chul3\github\Last_Project_test\data\test_dataset\real\real_0127.jpg,0,REAL,0.9,0,"피부 질감과 조명이 자연스럽고, 저화질 특유의 노이즈가 AI 생성물에서 흔히 보이는 매끄러움 대신 실제 사진의 특징을 보여줌.",178.7,
C:\Users\chul3\github\Last_Project_test\data\test_dataset\real\real_0128.jpg,0,AI_GENERATED,0.85,1,피부와 옷의 질감이 지나치게 매끄럽고 디테일이 부족함,159.29,
C:\Users\chul3\github\Last_Project_test\data\test_dataset\real\real_0129.jpg,0,REAL,0.95,0,"피부의 질감과 머리카락의 디테일이 자연스럽고, 배경의 초점 흐림과 조명이 실제 사진과 일치하며 인위적인 매끄러움이 느껴지지 않음.",177.43,
C:\Users\chul3\github\Last_Project_test\data\test_dataset\real\real_0130.jpg,0,REAL,0.95,0,"피부의 모공, 머리카락의 세밀한 질감, 자연스러운 조명과 그림자가 실제 사진의 특징을 나타냅니다.",153.17,
C:\Users\chul3\github\Last_Project_test\data\test_dataset\real\real_0131.jpg,0,AI_GENERATED,0.85,1,피부 질감이 지나치게 매끄럽고 전형적인 AI 생성 빈티지 스타일의 특징이 나타남,267.79,
C:\Users\chul3\github\Last_Project_test\data\test_dataset\real\real_0132.jpg,0,AI_GENERATED,0.95,1,피부와 머리카락의 질감이 지나치게 매끄럽고 인위적인 수채화 같은 느낌이 강함,124.9,
C:\Users\chul3\github\Last_Project_test\data\test_dataset\real\real_0133.jpg,0,AI_GENERATED,0.8,1,피부 질감이 지나치게 매끄럽고 머리카락 경계가 부자연스럽게 뭉개져 있음,440.37,
C:\Users\chul3\github\Last_Project_test\data\test_dataset\real\real_0134.jpg,0,REAL,0.85,0,"피부, 머리카락, 치아의 디테일이 자연스럽고 인위적인 왜곡이나 AI 특유의 부자연스러운 질감이 발견되지 않음.",204.43,
C:\Users\chul3\github\Last_Project_test\data\test_dataset\real\real_0135.jpg,0,REAL,0.95,0,"피부 질감, 머리카락의 디테일, 조명과 그림자의 일관성이 실제 사진의 특징을 잘 보여줍니다.",71.31,
C:\Users\chul3\github\Last_Project_test\data\test_dataset\real\real_0136.jpg,0,AI_GENERATED,0.9,1,피부 질감이 지나치게 매끄럽고 모발의 디테일이 인위적인 광택을 띰,131.73,
C:\Users\chul3\github\Last_Project_test\data\test_dataset\real\real_0137.jpg,0,AI_GENERATED,0.85,1,피부의 모공이나 미세한 질감이 보이지 않고 지나치게 매끄러운 질감이 AI 생성물의 특징을 보임,207.53,
C:\Users\chul3\github\Last_Project_test\data\test_dataset\real\real_0138.jpg,0,AI_GENERATED,0.9,1,피부 질감이 지나치게 매끄럽고 모공이나 미세한 결이 없는 전형적인 AI 생성 이미지의 특징을 보임,128.04,
C:\Users\chul3\github\Last_Project_test\data\test_dataset\real\real_0139.jpg,0,REAL,0.95,0,"피부 질감, 머리카락의 디테일, 배경의 자연스러운 보케 효과가 실제 사진의 특징을 나타냅니다.",178.74,
C:\Users\chul3\github\Last_Project_test\data\test_dataset\real\real_0140.jpg,0,AI_GENERATED,0.85,1,피부 질감이 지나치게 매끄럽고 배경의 질감이 인위적임,159.24,
C:\Users\chul3\github\Last_Project_test\data\test_dataset\real\real_0141.jpg,0,REAL,0.95,0,"피부 질감, 머리카락, 옷의 디테일 및 배경의 보케가 자연스럽고 인위적인 왜곡이 없음",177.78,
C:\Users\chul3\github\Last_Project_test\data\test_dataset\real\real_0142.jpg,0,REAL,0.8,0,머리카락의 복잡한 질감과 눈의 반사광이 자연스러우며 해부학적 이상이 발견되지 않음,461.45,
C:\Users\chul3\github\Last_Project_test\data\test_dataset\real\real_0143.jpg,0,REAL,0.95,0,"피부 질감과 조명이 자연스럽고, 사진 특유의 노이즈가 관찰되며 해부학적 오류가 없음",136.52,
C:\Users\chul3\github\Last_Project_test\data\test_dataset\real\real_0144.jpg,0,REAL,0.9,0,"피부 질감과 눈매, 조명이 자연스럽고 AI 특유의 과도한 매끄러움이나 왜곡이 보이지 않음.",166.49,
C:\Users\chul3\github\Last_Project_test\data\test_dataset\real\real_0145.jpg,0,AI_GENERATED,0.9,1,"피부 질감이 지나치게 매끄럽고 모공 등 세밀한 디테일이 부족하며, 머리카락과 눈 주변이 수채화처럼 뭉개진 느낌을 줌",150.16,
C:\Users\chul3\github\Last_Project_test\data\test_dataset\real\real_0146.jpg,0,AI_GENERATED,0.85,1,"피부 질감이 지나치게 매끄럽고 모공 등 미세한 디테일이 부족하며, 전체적으로 수채화 같은 부드러운 질감이 나타남",207.3,
C:\Users\chul3\github\Last_Project_test\data\test_dataset\real\real_0147.jpg,0,AI_GENERATED,0.85,1,"피부 질감이 지나치게 매끄럽고 치아가 비현실적으로 균일하며, 전반적인 질감이 디지털로 다듬어진 듯한 느낌을 줌",168.54,
C:\Users\chul3\github\Last_Project_test\data\test_dataset\real\real_0148.jpg,0,REAL,0.9,0,"피부 질감, 머리카락의 디테일, 배경의 흐림 처리가 자연스러운 사진의 특징을 보임",145.2,
C:\Users\chul3\github\Last_Project_test\data\test_dataset\real\real_0149.jpg,0,REAL,0.95,0,"피부 질감, 조명, 배경의 보케(흐림) 처리가 자연스러우며 AI 특유의 부자연스러운 매끄러움이나 왜곡이 발견되지 않음.",140.32,
C:\Users\chul3\github\Last_Project_test\data\test_dataset\real\real_0150.jpg,0,REAL,0.95,0,"피부, 머리카락, 옷의 질감이 매우 자연스럽고 해부학적 오류나 AI 특유의 부자연스러운 매끄러움이 발견되지 않음.",189.39,
C:\Users\chul3\github\Last_Project_test\data\test_dataset\real\real_0151.jpg,0,AI_GENERATED,0.9,1,피부 질감이 지나치게 매끄럽고 인위적인 수채화풍의 질감이 느껴짐,137.28,
C:\Users\chul3\github\Last_Project_test\data\test_dataset\real\real_0152.jpg,0,AI_GENERATED,0.9,1,피부 질감이 지나치게 매끄럽고 모공이나 미세한 잡티가 없는 전형적인 AI 생성 이미지의 특징을 보임,164.71,
C:\Users\chul3\github\Last_Project_test\data\test_dataset\real\real_0153.jpg,0,AI_GENERATED,0.9,1,"피부와 머리카락의 질감이 지나치게 매끄럽고 수채화 같은 느낌을 주며, 옷의 자수 디테일이 뭉개져 있음",163.23,
C:\Users\chul3\github\Last_Project_test\data\test_dataset\real\real_0154.jpg,0,REAL,0.9,0,피부의 노이즈와 머리카락의 질감이 자연스러운 사진의 특징을 보임,152.84,
C:\Users\chul3\github\Last_Project_test\data\test_dataset\real\real_0155.jpg,0,AI_GENERATED,0.9,1,피부 질감이 지나치게 매끄럽고 모공이나 미세한 잡티가 없는 전형적인 AI 생성 이미지의 특징을 보임,146.2,
C:\Users\chul3\github\Last_Project_test\data\test_dataset\real\real_0156.jpg,0,AI_GENERATED,0.9,1,피부 질감이 지나치게 매끄럽고 모공이나 자연스러운 잡티가 없는 과도한 균일함을 보임,143.02,
C:\Users\chul3\github\Last_Project_test\data\test_dataset\real\real_0157.jpg,0,AI_GENERATED,0.9,1,피부 질감이 지나치게 매끄럽고 디테일이 부족하여 수채화 같은 느낌을 줌,156.58,
C:\Users\chul3\github\Last_Project_test\data\test_dataset\real\real_0158.jpg,0,AI_GENERATED,0.85,1,"피부와 머리카락의 질감이 지나치게 매끄럽고 인위적이며, 치아와 눈의 디테일이 AI 생성 이미지 특유의 과도한 균일함을 보임",228.77,
C:\Users\chul3\github\Last_Project_test\data\test_dataset\real\real_0159.jpg,0,REAL,0.9,0,"피부 질감, 치아의 형태, 배경의 자연스러운 빛 번짐이 인위적인 느낌 없이 실제 사진의 특징을 잘 보여줌",150.28,
C:\Users\chul3\github\Last_Project_test\data\test_dataset\real\real_0160.jpg,0,AI_GENERATED,0.9,1,피부 질감이 지나치게 매끄럽고 수채화처럼 뭉개진 듯한 인위적인 느낌이 강함,179.38,
C:\Users\chul3\github\Last_Project_test\data\test_dataset\real\real_0161.jpg,0,AI_GENERATED,0.9,1,피부 질감이 지나치게 매끄럽고 모공이나 자연스러운 잡티가 없는 전형적인 AI 생성 이미지의 특징을 보임,133.01,
C:\Users\chul3\github\Last_Project_test\data\test_dataset\real\real_0162.jpg,0,AI_GENERATED,0.9,1,피부 질감이 지나치게 매끄럽고 배경의 흐림 처리가 부자연스러운 수채화 같은 질감을 보임,175.31,
C:\Users\chul3\github\Last_Project_test\data\test_dataset\real\real_0163.jpg,0,AI_GENERATED,0.9,1,피부 질감이 지나치게 매끄럽고 모공 등 미세한 디테일이 결여되어 인위적인 느낌을 줌,175.45,
C:\Users\chul3\github\Last_Project_test\data\test_dataset\real\real_0164.jpg,0,REAL,0.95,0,"피부 질감, 안경의 반사, 머리카락의 디테일 및 배경의 자연스러운 보케가 실제 사진의 특징을 보여줌",153.05,
C:\Users\chul3\github\Last_Project_test\data\test_dataset\real\real_0165.jpg,0,REAL,0.95,0,"피부의 모공, 주름, 수염의 질감이 매우 사실적이며 조명과 그림자가 자연스럽습니다.",149.3,
C:\Users\chul3\github\Last_Project_test\data\test_dataset\real\real_0166.jpg,0,REAL,0.9,0,피부 질감과 이목구비의 디테일이 자연스럽고 조명이 실제 사진과 같이 일관적임.,171.03,
C:\Users\chul3\github\Last_Project_test\data\test_dataset\real\real_0167.jpg,0,REAL,0.95,0,"피부의 모공, 머리카락의 세밀한 질감, 치아의 자연스러운 형태 및 조명의 일관성이 실제 사진의 특징을 나타냄",135.5,
C:\Users\chul3\github\Last_Project_test\data\test_dataset\real\real_0168.jpg,0,AI_GENERATED,0.9,1,피부 질감이 지나치게 매끄럽고 모공이나 미세한 잡티가 없는 전형적인 AI 생성 이미지의 특징을 보임,206.2,
C:\Users\chul3\github\Last_Project_test\data\test_dataset\real\real_0169.jpg,0,AI_GENERATED,0.9,1,피부 질감이 지나치게 매끄럽고 치아와 눈의 표현이 인위적으로 완벽함,165.79,
C:\Users\chul3\github\Last_Project_test\data\test_dataset\real\real_0170.jpg,0,AI_GENERATED,0.9,1,피부 질감이 지나치게 매끄럽고 모공이나 미세한 잡티가 없는 인위적인 질감을 보임,162.89,
C:\Users\chul3\github\Last_Project_test\data\test_dataset\real\real_0171.jpg,0,AI_GENERATED,0.9,1,피부 질감이 지나치게 매끄럽고 눈과 치아의 표현이 인위적으로 완벽함,161.78,
C:\Users\chul3\github\Last_Project_test\data\test_dataset\real\real_0172.jpg,0,REAL,0.9,0,"피부의 질감과 옷의 체크 패턴, 조명이 자연스러우며 AI 생성물에서 흔히 보이는 과도한 매끄러움이나 형태 왜곡이 발견되지 않음",164.27,
C:\Users\chul3\github\Last_Project_test\data\test_dataset\real\real_0173.jpg,0,AI_GENERATED,0.9,1,피부 질감이 지나치게 매끄럽고 인위적인 수채화풍의 질감이 느껴짐,152.39,
C:\Users\chul3\github\Last_Project_test\data\test_dataset\real\real_0174.jpg,0,AI_GENERATED,0.9,1,피부 질감이 지나치게 매끄럽고 모공이나 자연스러운 잡티가 없는 전형적인 AI 생성 이미지의 특징을 보임,155.33,
C:\Users\chul3\github\Last_Project_test\data\test_dataset\real\real_0175.jpg,0,REAL,0.85,0,"저화질 사진 특유의 디지털 노이즈와 자연스러운 조명 및 그림자가 관찰되며, AI 특유의 인위적인 매끄러움이 없습니다.",172.55,
C:\Users\chul3\github\Last_Project_test\data\test_dataset\real\real_0176.jpg,0,REAL,0.95,0,"피부 질감, 치아, 배경의 흐림 처리가 자연스러우며 AI 특유의 과도하게 매끄러운 질감이나 해부학적 왜곡이 보이지 않음",188.51,
C:\Users\chul3\github\Last_Project_test\data\test_dataset\real\real_0177.jpg,0,AI_GENERATED,0.9,1,피부 질감이 지나치게 매끄럽고 조명이 인위적으로 균일함,179.24,
C:\Users\chul3\github\Last_Project_test\data\test_dataset\real\real_0178.jpg,0,REAL,0.9,0,"피부와 수염의 질감이 자연스럽고, 조명과 그림자가 일관되며, AI 특유의 해부학적 오류나 부자연스러운 질감이 보이지 않음.",177.63,
C:\Users\chul3\github\Last_Project_test\data\test_dataset\real\real_0179.jpg,0,AI_GENERATED,0.85,1,피부 질감이 지나치게 매끄럽고 모공 등 미세한 디테일이 결여되어 있으며 조명이 매우 평면적입니다.,196.43,
C:\Users\chul3\github\Last_Project_test\data\test_dataset\real\real_0180.jpg,0,UNCERTAIN,0.5,0,파싱 실패,1593.75,
C:\Users\chul3\github\Last_Project_test\data\test_dataset\real\real_0181.jpg,0,REAL,0.95,0,"피부와 수염의 질감이 자연스럽고, 눈과 치아의 해부학적 구조에 이상이 없으며, 조명이 실제 사진처럼 자연스럽습니다.",156.61,
C:\Users\chul3\github\Last_Project_test\data\test_dataset\real\real_0182.jpg,0,REAL,0.95,0,"피부 질감, 머리카락, 옷의 디테일이 자연스럽고 AI 특유의 과도한 매끄러움이나 왜곡이 보이지 않음.",200.85,
C:\Users\chul3\github\Last_Project_test\data\test_dataset\real\real_0183.jpg,0,AI_GENERATED,0.9,1,피부 질감이 지나치게 매끄럽고 머리카락과 배경의 꽃 부분이 수채화처럼 뭉개진 듯한 질감을 보임,148.0,
C:\Users\chul3\github\Last_Project_test\data\test_dataset\real\real_0184.jpg,0,AI_GENERATED,0.85,1,피부와 전체적인 질감이 지나치게 매끄럽고 디테일이 결여된 과도한 빛 번짐 현상이 나타남,215.78,
C:\Users\chul3\github\Last_Project_test\data\test_dataset\real\real_0185.jpg,0,REAL,0.9,0,"피부 질감, 머리카락, 배경의 보케 효과가 자연스러운 사진의 특징을 나타냄",139.33,
C:\Users\chul3\github\Last_Project_test\data\test_dataset\real\real_0186.jpg,0,REAL,0.95,0,"피부의 모공, 머리카락의 불규칙한 디테일, 치아의 자연스러운 형태 등 사진 특유의 질감이 매우 사실적임.",188.11,
C:\Users\chul3\github\Last_Project_test\data\test_dataset\real\real_0187.jpg,0,REAL,0.9,0,"피부 질감과 머리카락의 디테일이 자연스럽고, 배경의 흐림 처리가 실제 사진의 보케 효과와 일치하며 해부학적 오류가 보이지 않음.",168.93,
C:\Users\chul3\github\Last_Project_test\data\test_dataset\real\real_0188.jpg,0,AI_GENERATED,0.85,1,피부 질감이 지나치게 매끄럽고(waxy) 눈과 치아의 디테일이 부자연스럽게 균일함,179.49,
C:\Users\chul3\github\Last_Project_test\data\test_dataset\real\real_0189.jpg,0,REAL,0.9,0,"저조도 촬영 시 발생하는 자연스러운 노이즈와 질감이 보이며, AI 특유의 인위적인 매끄러움이나 해부학적 오류가 발견되지 않음.",171.32,
C:\Users\chul3\github\Last_Project_test\data\test_dataset\real\real_0190.jpg,0,AI_GENERATED,0.9,1,피부 질감이 지나치게 매끄럽고 인위적인 수채화풍의 질감이 나타남,171.58,
C:\Users\chul3\github\Last_Project_test\data\test_dataset\real\real_0191.jpg,0,AI_GENERATED,0.9,1,피부 질감이 지나치게 매끄럽고 전반적인 묘사가 인위적임,169.25,
C:\Users\chul3\github\Last_Project_test\data\test_dataset\real\real_0192.jpg,0,REAL,0.95,0,"피부 질감, 치아, 배경의 흐림 처리가 자연스럽고 AI 특유의 해부학적 오류나 부자연스러운 질감이 보이지 않음",202.46,
C:\Users\chul3\github\Last_Project_test\data\test_dataset\real\real_0193.jpg,0,REAL,0.9,0,"피부 질감과 머리카락의 디테일이 자연스럽고, 배경의 흐림 처리가 실제 사진의 보케 효과와 일치함.",175.34,
C:\Users\chul3\github\Last_Project_test\data\test_dataset\real\real_0194.jpg,0,REAL,0.95,0,"피부의 모공, 수염의 질감, 배경의 보케 효과가 매우 자연스럽고 인위적인 매끄러움이 없음",159.8,
C:\Users\chul3\github\Last_Project_test\data\test_dataset\real\real_0195.jpg,0,AI_GENERATED,0.9,1,피부 질감이 지나치게 매끄럽고 모공이나 미세한 잡티가 없는 수채화 같은 질감이 나타남,171.98,
C:\Users\chul3\github\Last_Project_test\data\test_dataset\real\real_0196.jpg,0,REAL,0.85,0,"저조도 촬영 특유의 자연스러운 노이즈와 일관된 조명, 인위적이지 않은 피부 질감이 관찰됨",196.28,
C:\Users\chul3\github\Last_Project_test\data\test_dataset\real\real_0197.jpg,0,REAL,0.95,0,"피부의 모공과 머리카락의 질감이 자연스럽고, 배경의 흐림 효과와 조명이 실제 사진의 특성을 잘 보여줍니다.",165.7,
C:\Users\chul3\github\Last_Project_test\data\test_dataset\real\real_0198.jpg,0,AI_GENERATED,0.9,1,피부 질감이 지나치게 매끄럽고 모공이나 미세한 잡티가 없는 인위적인 수채화풍 질감이 나타남,152.72,
C:\Users\chul3\github\Last_Project_test\data\test_dataset\real\real_0199.jpg,0,REAL,0.9,0,"피부의 모공과 수염의 질감이 자연스럽고, 조명과 배경의 흐림 처리가 실제 사진의 특성을 나타냄",168.74,
C:\Users\chul3\github\Last_Project_test\data\test_dataset\real\real_0200.jpg,0,REAL,0.95,0,"피부의 모공, 주름, 수염의 질감이 매우 사실적이며 인위적인 매끄러움이나 해부학적 오류가 보이지 않습니다.",172.93,
C:\Users\chul3\github\Last_Project_test\data\test_dataset\real\real_0201.jpg,0,AI_GENERATED,0.85,1,피부 질감이 지나치게 매끄럽고 옷의 직물 패턴이 인위적인 노이즈처럼 보임,190.64,
C:\Users\chul3\github\Last_Project_test\data\test_dataset\real\real_0202.jpg,0,AI_GENERATED,0.9,1,"피부 질감이 지나치게 매끄럽고 조명이 인위적으로 균일하며, 머리카락과 옷의 디테일에서 디지털 렌더링 특유의 질감이 느껴짐",179.57,
C:\Users\chul3\github\Last_Project_test\data\test_dataset\real\real_0203.jpg,0,REAL,0.95,0,피부와 머리카락의 질감이 자연스럽고 조명과 그림자가 물리적으로 일관됨,168.65,
C:\Users\chul3\github\Last_Project_test\data\test_dataset\real\real_0204.jpg,0,AI_GENERATED,0.85,1,피부 질감이 지나치게 매끄럽고 머리카락의 경계가 인위적인 수채화풍 느낌을 줌,188.32,
C:\Users\chul3\github\Last_Project_test\data\test_dataset\real\real_0205.jpg,0,AI_GENERATED,0.85,1,피부와 옷의 질감이 지나치게 매끄럽고 인위적인 수채화풍 질감이 나타남,177.07,
C:\Users\chul3\github\Last_Project_test\data\test_dataset\real\real_0206.jpg,0,AI_GENERATED,0.85,1,피부 질감이 지나치게 매끄럽고 머리카락 경계의 디테일이 뭉개져 있는 AI 특유의 질감이 나타남,219.31,
C:\Users\chul3\github\Last_Project_test\data\test_dataset\real\real_0207.jpg,0,REAL,0.95,0,"피부 질감, 눈의 반사광, 머리카락의 디테일이 매우 자연스럽고 AI 특유의 인위적인 매끄러움이 보이지 않습니다.",195.22,
C:\Users\chul3\github\Last_Project_test\data\test_dataset\real\real_0208.jpg,0,REAL,0.95,0,"피부의 모공, 머리카락의 미세한 질감, 옷의 자연스러운 주름과 조명이 실제 사진의 특징을 나타냄",163.93,
C:\Users\chul3\github\Last_Project_test\data\test_dataset\real\real_0209.jpg,0,AI_GENERATED,0.85,1,피부 질감이 지나치게 매끄럽고 모공이나 미세한 잡티 등 자연스러운 피부 디테일이 부족함,287.41,
C:\Users\chul3\github\Last_Project_test\data\test_dataset\real\real_0210.jpg,0,REAL,0.95,0,"피부의 자연스러운 질감, 안경의 빛 반사, 머리카락의 디테일이 실제 사진의 특징을 나타냄",169.97,
C:\Users\chul3\github\Last_Project_test\data\test_dataset\real\real_0211.jpg,0,AI_GENERATED,0.9,1,피부 질감이 지나치게 매끄럽고 인위적인 수채화풍의 디지털 질감이 느껴짐,152.63,
C:\Users\chul3\github\Last_Project_test\data\test_dataset\real\real_0212.jpg,0,AI_GENERATED,0.85,1,피부와 치아의 질감이 지나치게 매끄럽고 머리카락의 경계가 배경과 부자연스럽게 뭉개져 있음,186.15,
C:\Users\chul3\github\Last_Project_test\data\test_dataset\real\real_0213.jpg,0,REAL,0.95,0,"피부의 미세한 질감과 비니의 직물 패턴이 자연스러우며, 배경의 흐림 처리가 실제 카메라의 보케 효과와 일치함.",169.01,
C:\Users\chul3\github\Last_Project_test\data\test_dataset\real\real_0214.jpg,0,AI_GENERATED,0.85,1,피부와 옷의 질감이 지나치게 매끄럽고 수채화 같은 인위적인 느낌이 있음,222.1,
C:\Users\chul3\github\Last_Project_test\data\test_dataset\real\real_0215.jpg,0,AI_GENERATED,0.85,1,"피부와 머리카락의 질감이 지나치게 매끄럽고 인위적인 느낌을 주며, 조명이 매우 균일하여 입체감이 부족함",190.12,
C:\Users\chul3\github\Last_Project_test\data\test_dataset\real\real_0216.jpg,0,REAL,0.9,0,"피부 질감과 배경의 흐림 처리가 자연스럽고, 저화질 특유의 노이즈가 실제 사진의 특징을 보여줌",174.36,
C:\Users\chul3\github\Last_Project_test\data\test_dataset\real\real_0217.jpg,0,AI_GENERATED,0.85,1,피부와 머리카락의 질감이 지나치게 매끄럽고 디테일이 부족하여 AI 특유의 질감이 나타남,289.8,
C:\Users\chul3\github\Last_Project_test\data\test_dataset\real\real_0218.jpg,0,REAL,0.9,0,"피부와 머리카락의 질감이 자연스럽고, 배경의 흐림 처리가 실제 사진의 보케 효과와 일치합니다.",176.46,
C:\Users\chul3\github\Last_Project_test\data\test_dataset\real\real_0219.jpg,0,REAL,0.9,0,"피부 질감과 눈, 치아 등 해부학적 구조가 자연스러우며, 사진 특유의 노이즈와 조명이 실제 촬영된 사진의 특징을 보임.",174.22,
C:\Users\chul3\github\Last_Project_test\data\test_dataset\real\real_0220.jpg,0,REAL,0.9,0,"피부 질감, 머리카락의 디테일, 배경의 벽돌 패턴이 자연스러우며 AI 특유의 과도한 매끄러움이 없음",203.27,
C:\Users\chul3\github\Last_Project_test\data\test_dataset\real\real_0221.jpg,0,REAL,0.95,0,"피부와 머리카락의 질감이 자연스럽고 사진 특유의 입자감이 느껴지며, AI 특유의 과도하게 매끄러운 질감이 없음",170.59,
C:\Users\chul3\github\Last_Project_test\data\test_dataset\real\real_0222.jpg,0,AI_GENERATED,0.85,1,피부와 옷의 질감이 지나치게 매끄럽고 디테일이 부족하여 AI 생성물 특유의 질감이 느껴짐,190.54,
C:\Users\chul3\github\Last_Project_test\data\test_dataset\real\real_0223.jpg,0,AI_GENERATED,0.9,1,피부 질감이 지나치게 매끄럽고 모공이나 미세한 잡티가 없는 인위적인 느낌이 강함,166.89,
C:\Users\chul3\github\Last_Project_test\data\test_dataset\real\real_0224.jpg,0,REAL,0.9,0,"피부 질감과 머리카락, 안경의 반사광 등이 자연스러운 사진의 특징을 보이며, AI 특유의 과도한 매끄러움이나 왜곡이 보이지 않습니다.",179.33,
C:\Users\chul3\github\Last_Project_test\data\test_dataset\real\real_0225.jpg,0,AI_GENERATED,0.9,1,피부 질감이 지나치게 매끄럽고 모공이나 자연스러운 피부 결이 보이지 않는 전형적인 AI 생성 이미지의 특징을 보임,166.44,
C:\Users\chul3\github\Last_Project_test\data\test_dataset\real\real_0226.jpg,0,REAL,0.9,0,"피부의 자연스러운 질감과 조명, 배경의 벽돌 패턴이 실제 사진의 특징을 나타냄",193.41,
C:\Users\chul3\github\Last_Project_test\data\test_dataset\real\real_0227.jpg,0,REAL,0.95,0,"피부 질감, 머리카락, 조명 및 그림자가 자연스럽고 해부학적 오류가 발견되지 않음.",162.04,
C:\Users\chul3\github\Last_Project_test\data\test_dataset\real\real_0228.jpg,0,AI_GENERATED,0.85,1,피부와 머리카락의 질감이 지나치게 매끄럽고 인위적인 느낌을 줌,179.24,
C:\Users\chul3\github\Last_Project_test\data\test_dataset\real\real_0229.jpg,0,REAL,0.9,0,피부의 모공과 수염의 질감이 자연스럽고 해부학적 왜곡이나 인위적인 매끄러움이 보이지 않음,207.89,
C:\Users\chul3\github\Last_Project_test\data\test_dataset\real\real_0230.jpg,0,REAL,0.95,0,"피부의 모공, 머리카락의 불규칙한 디테일, 안경 렌즈의 자연스러운 반사 등 실제 사진의 특징이 뚜렷함",156.98,
C:\Users\chul3\github\Last_Project_test\data\test_dataset\real\real_0231.jpg,0,REAL,0.95,0,"피부 질감, 머리카락의 디테일, 안경의 반사광 및 그림자가 매우 자연스럽고 사진 특유의 입자감이 느껴짐",165.73,
C:\Users\chul3\github\Last_Project_test\data\test_dataset\real\real_0232.jpg,0,AI_GENERATED,0.85,1,피부 질감이 지나치게 매끄럽고 모자 패치의 글자가 불분명하며 전반적인 질감이 AI 특유의 부드러움을 보임,211.84,
C:\Users\chul3\github\Last_Project_test\data\test_dataset\real\real_0233.jpg,0,AI_GENERATED,0.9,1,피부 질감이 지나치게 매끄럽고 모공이나 잡티가 전혀 없는 인위적인 느낌이 강함,174.51,
C:\Users\chul3\github\Last_Project_test\data\test_dataset\real\real_0234.jpg,0,REAL,0.95,0,"피부의 불규칙한 질감과 머리카락의 자연스러운 디테일, 그리고 저화질 사진 특유의 노이즈가 실제 촬영된 사진의 특징을 보여줍니다.",178.39,
C:\Users\chul3\github\Last_Project_test\data\test_dataset\real\real_0235.jpg,0,AI_GENERATED,0.9,1,피부 질감이 지나치게 매끄럽고 치아와 눈 주변의 디테일이 뭉개져 있는 AI 특유의 질감이 보임,167.07,
C:\Users\chul3\github\Last_Project_test\data\test_dataset\real\real_0236.jpg,0,REAL,0.95,0,피부의 자연스러운 질감과 머리카락의 세밀한 디테일이 실제 사진의 특징을 보여줌,175.01,
C:\Users\chul3\github\Last_Project_test\data\test_dataset\real\real_0237.jpg,0,AI_GENERATED,0.75,1,피부 질감이 지나치게 매끄럽고 머리카락의 세부 묘사가 부자연스럽게 뭉개져 있음,233.82,
C:\Users\chul3\github\Last_Project_test\data\test_dataset\real\real_0238.jpg,0,AI_GENERATED,0.9,1,피부 질감이 지나치게 매끄럽고 모공이나 미세한 결이 없는 인위적인 느낌이 강함,147.39,
C:\Users\chul3\github\Last_Project_test\data\test_dataset\real\real_0239.jpg,0,AI_GENERATED,0.85,1,"피부 질감이 지나치게 매끄럽고 모공 등 자연스러운 디테일이 부족하며, 전체적으로 수채화 같은 질감이 느껴짐",200.92,
C:\Users\chul3\github\Last_Project_test\data\test_dataset\real\real_0240.jpg,0,REAL,0.9,0,"피부와 머리카락에 자연스러운 디지털 노이즈가 관찰되며, AI 특유의 과도하게 매끄러운 질감이 보이지 않음.",192.4,
C:\Users\chul3\github\Last_Project_test\data\test_dataset\real\real_0241.jpg,0,AI_GENERATED,0.85,1,피부와 옷의 질감이 지나치게 매끄럽고 인위적인 조명 효과가 나타남,186.8,
C:\Users\chul3\github\Last_Project_test\data\test_dataset\real\real_0242.jpg,0,REAL,0.9,0,"피부의 모공과 수염의 질감이 자연스러우며, AI 특유의 과도하게 매끄러운 질감이나 해부학적 왜곡이 발견되지 않음.",176.47,
C:\Users\chul3\github\Last_Project_test\data\test_dataset\real\real_0243.jpg,0,AI_GENERATED,0.9,1,"피부 질감이 지나치게 매끄럽고 치아의 형태가 부자연스럽게 균일하며, 머리카락 경계가 뭉개져 있는 AI 특유의 질감이 보입니다.",182.36,
C:\Users\chul3\github\Last_Project_test\data\test_dataset\real\real_0244.jpg,0,REAL,0.95,0,"피부의 미세한 질감, 수염의 불규칙한 패턴, 체크무늬 셔츠의 자연스러운 주름과 패턴 일관성이 실제 사진의 특징을 보여줍니다.",168.86,
C:\Users\chul3\github\Last_Project_test\data\test_dataset\real\real_0245.jpg,0,REAL,0.95,0,"피부의 모공, 수염의 질감, 셔츠의 주름 및 조명과 그림자의 자연스러운 표현이 실제 사진의 특징을 보여줌.",171.95,
C:\Users\chul3\github\Last_Project_test\data\test_dataset\real\real_0246.jpg,0,REAL,0.95,0,"피부 질감, 빛과 그림자의 자연스러운 상호작용, 손가락의 해부학적 정확도가 매우 사실적임.",184.27,
C:\Users\chul3\github\Last_Project_test\data\test_dataset\real\real_0247.jpg,0,REAL,0.95,0,"피부의 모공, 땀, 털의 질감이 매우 사실적이며 조명과 그림자가 자연스럽습니다.",162.29,
C:\Users\chul3\github\Last_Project_test\data\test_dataset\real\real_0248.jpg,0,REAL,0.9,0,"피부와 옷의 질감이 자연스럽고, 피사체와 배경 사이의 초점 거리(bokeh) 및 조명이 실제 사진의 특성을 따르고 있음.",189.12,
C:\Users\chul3\github\Last_Project_test\data\test_dataset\real\real_0249.jpg,0,REAL,0.9,0,"피부와 머리카락의 질감이 자연스럽고, 역광 조명과 배경의 보케 효과가 실제 사진의 특성을 잘 나타냄.",213.62,
